Workbook
Name PRINT_AREA_MI: #N/A
Name 七: !#REF!
Name 七10一工程費: !#REF!
Name 七10二安全措施費: !#REF!
Name 七10三安衛費: !#REF!
Name 七10五品管費: !#REF!
Name 七10六稅什費: !#REF!
Name 七10四保險費: !#REF!
Name 七10稅什比: !#REF!
Name 七10總計: !#REF!
Name 九01Db1: !#REF!
Name 九01七: !#REF!
Name 九01二: !#REF!
Name 九01三: !#REF!
Name 九01五: !#REF!
Name 九01六: !#REF!
Name 九01四: !#REF!
Name 二: !#REF!
Name 三: !#REF!
Name 五: !#REF!
Name 仁710Db2計量: !#REF!
Name 仁710Db2計價: !#REF!
Name 仁810Db2合約單價: !#REF!
Name 仁901Db2本日累計: !#REF!
Name 仁901Db2合約數量: !#REF!
Name 六: !#REF!
Name 日期: !#REF!
Name 四: !#REF!
Name 欄標題1: " "

Sheet 總表 
A1: 新竹海水淡化廠興建及操作維護(興建部分) 材料設備送審統計總表
A2: 項目 | B2: 項次 | C2: 類別 | D2: 應送審 | E2: 未送審 | F2: 已送審 | G2: 已核定 | H2: 審查中 | I2: 修正中 | J2: 完成率(核定/應送)
A3: 材料設備 | B3: 10-1 | C3: 材料試驗單位 | D3: ='10-1材料試驗單位'!C66 -> 21 | E3: ='10-1材料試驗單位'!C67 -> 0 | F3: =G3+H3+I3 -> 21 | G3: ='10-1材料試驗單位'!C68 -> 19 | H3: ='10-1材料試驗單位'!C69 -> 2 | I3: ='10-1材料試驗單位'!C70 -> 0 | J3: =G3/D3 -> 0.9047619 | K3: 材料檢驗單位
B4: 10-2 | C4: 土建 | D4: ='10-2土建'!H161 -> 73 | E4: ='10-2土建'!H162 -> 5 | F4: =G4+H4+I4 -> 68 | G4: ='10-2土建'!H163 -> 64 | H4: ='10-2土建'!H164 -> 0 | I4: ='10-2土建'!H165 -> 4 | J4: =G4/D4 -> 0.87671233 | K4: 鋼筋/混凝土/鋼構/道路
B5: 10-3 | C5: 取排水管線 | D5: ='10-3取排水(宏華)'!C38 -> 10 | E5: ='10-3取排水(宏華)'!C39 -> 0 | F5: =G5+H5+I5 -> 10 | G5: ='10-3取排水(宏華)'!C40 -> 6 | H5: ='10-3取排水(宏華)'!C41 -> 4 | I5: ='10-3取排水(宏華)'!C42 -> 0 | J5: =G5/D5 -> 0.6 | K5: 管線/取水頭/排水設施/浮燈/拋石
B6: 10-4 | C6: 建築裝修 | D6: ='10-4 建築裝修'!F169 -> 54 | E6: ='10-4 建築裝修'!F170 -> 50 | F6: =G6+H6+I6 -> 4 | G6: ='10-4 建築裝修'!F171 -> 4 | H6: ='10-4 建築裝修'!F172 -> 0 | I6: ='10-4 建築裝修'!F173 -> 0 | J6: =G6/D6 -> 0.074074074 | K6: 參照土建規範
B7: 10-5 | C7: 消防/空調/給排水 | D7: ='10-5消防空調給排水'!E49 -> 14 | E7: ='10-5消防空調給排水'!E50 -> 13 | F7: =G7+H7+I7 -> 1 | G7: ='10-5消防空調給排水'!E51 -> 0 | H7: ='10-5消防空調給排水'!E52 -> 0 | I7: ='10-5消防空調給排水'!E53 -> 1 | J7: =G7/D7 -> 0 | K7: 參照廠區消防、空調及給排水規範
B8: 10-6 | C8: 機械設備 | D8: ='10-6機械設備'!F211 -> 68 | E8: ='10-6機械設備'!F212 -> 12 | F8: =G8+H8+I8 -> 56 | G8: ='10-6機械設備'!F213 -> 45 | H8: ='10-6機械設備'!F214 -> 10 | I8: ='10-6機械設備'!F215 -> 1 | J8: =G8/D8 -> 0.66176471 | K8: 參照第六冊規範
B9: 10-7 | C9: 電力/儀控 | D9: ='10-7電力儀控'!G253 -> 82 | E9: ='10-7電力儀控'!G254 -> 61 | F9: =G9+H9+I9 -> 21 | G9: ='10-7電力儀控'!G255 -> 4 | H9: ='10-7電力儀控'!G256 -> 16 | I9: ='10-7電力儀控'!G257 -> 1 | J9: =G9/D9 -> 0.048780488 | K9: 參照第九冊規範
B10: 10-8 | C10: 管線/閥類 | D10: ='10-8管線閥類'!F64 -> 19 | E10: ='10-8管線閥類'!F65 -> 18 | F10: =G10+H10+I10 -> 1 | G10: ='10-8管線閥類'!F66 -> 0 | H10: ='10-8管線閥類'!F67 -> 1 | I10: ='10-8管線閥類'!F68 -> 0 | J10: =G10/D10 -> 0
B11: 10-9 | C11: 景觀/植栽 | D11: ='10-9景觀植栽'!E37 -> 7 | E11: ='10-9景觀植栽'!E38 -> 7 | F11: =G11+H11+I11 -> 0 | G11: ='10-9景觀植栽'!E39 -> 0 | H11: ='10-9景觀植栽'!E40 -> 0 | I11: ='10-9景觀植栽'!E41 -> 0 | J11: =G11/D11 -> 0
B12: 合計 | D12: =SUM(D3:D11) -> 348 | E12: =SUM(E3:E11) -> 166 | F12: =SUM(F3:F11) -> 182 | G12: =SUM(G3:G11) -> 142 | H12: =SUM(H3:H11) -> 33 | I12: =SUM(I3:I11) -> 7 | J12: =G12/D12 -> 0.40804598

Sheet 10-1材料試驗單位
A1: 新竹海水淡化廠興建及操作維護(興建部分) 材料試驗單位送審管制總表
A2: 項次 | B2: 編碼 | C2: 文件 | D2: 類別 | E2: 規範 | F2: 圖面 | G2: 廠商 | H2: 預定送審 (進場前60天) | I2: 預定廠驗 (進場前30天) | J2: 預定進場 | K2: 送審預警天數(60天內才顯示) | L2: 送審延遲 | M2: 程序 | N2: 版次 | O2: 審查情形 | Z2: 備註
K3: 辦理預警 | O3: 統包商 | Q3: 監造 | T3: 專管 | W3: 機關(北水分署)
O4: 日期 | P4: 文號 | Q4: 日期 | R4: 文號 | S4: 結果 | T4: 日期 | U4: 文號 | V4: 結果 | W4: 日期 | X4: 文號 | Y4: 結果
A5: 1 | B5: M-03-MA-39-006 | C5: 材料試驗室單位-今塘 | K5: =IF(H5="","",IF(O5<>"","",IF(AND(O5="",H5-TODAY()<=60),H5-TODAY(),""))) | L5: =IF(AND(ISNUMBER(H5),ISNUMBER(O5)),H5-O5,"") | M5: 核定 | O5: 45660 | P5: 鼎水資字第 1140000003號 | Q5: 45677 | R5: 艾奕康水字第1140002159號 | S5: 審查同意 | T5: — | U5: — | V5: — | W5: 45681 | X5: 水北多字第11453008120號 | Y5: 核定
A6: 2 | B6: M-03-MA-39-007 | C6: 材料試驗室單位-日鼎 | K6: =IF(H6="","",IF(O6<>"","",IF(AND(O6="",H6-TODAY()<=60),H6-TODAY(),""))) | L6: =IF(AND(ISNUMBER(H6),ISNUMBER(O6)),H6-O6,"") | M6: 核定 | O6: 45659 | P6: 鼎水資字第 1130000981號 | Q6: 45677 | R6: 艾奕康水字第1140002159號 | S6: 審查同意 | T6: — | U6: — | V6: — | W6: 45681 | X6: 水北多字第11453008120號 | Y6: 核定
A7: 3 | B7: M-03-MA-39-0008 | C7: 材料試驗室單位-SGS | K7: =IF(H7="","",IF(O7<>"","",IF(AND(O7="",H7-TODAY()<=60),H7-TODAY(),""))) | L7: =IF(AND(ISNUMBER(H7),ISNUMBER(O7)),H7-O7,"") | M7: 核定 | N7: 1-A | O7: 45744 | P7: 鼎水資字第1140000272號 | Q7: 45754 | R7: 艾奕康水字第1140010924號 | S7: 審查同意 | T7: 45754 | U7: 艾奕康水字第1140010924號 | V7: 審定 | W7: 45755 | X7: 水北多字第11453034740號 | Y7: 核定
K8: =IF(H8="","",IF(O8<>"","",IF(AND(O8="",H8-TODAY()<=60),H8-TODAY(),""))) | L8: =IF(AND(ISNUMBER(H8),ISNUMBER(O8)),H8-O8,"")
K9: =IF(H9="","",IF(O9<>"","",IF(AND(O9="",H9-TODAY()<=60),H9-TODAY(),""))) | L9: =IF(AND(ISNUMBER(H9),ISNUMBER(O9)),H9-O9,"")
A10: 4 | B10: M-39-MA-39-0008 | C10: 材料試驗室單位-光宜 | K10: =IF(H10="","",IF(O10<>"","",IF(AND(O10="",H10-TODAY()<=60),H10-TODAY(),""))) | L10: =IF(AND(ISNUMBER(H10),ISNUMBER(O10)),H10-O10,"") | M10: 核定 | N10: 0-A | O10: 45744 | P10: 鼎水資字第1140000273號 | Q10: 45754 | R10: 艾奕康水字第1140010927號 | S10: 審查同意 | T10: 45754 | U10: 艾奕康水字第1140010927號 | V10: 審定 | W10: 45755 | X10: 水北多字第11453034740號 | Y10: 核定
K11: =IF(H11="","",IF(O11<>"","",IF(AND(O11="",H11-TODAY()<=60),H11-TODAY(),""))) | L11: =IF(AND(ISNUMBER(H11),ISNUMBER(O11)),H11-O11,"")
K12: =IF(H12="","",IF(O12<>"","",IF(AND(O12="",H12-TODAY()<=60),H12-TODAY(),""))) | L12: =IF(AND(ISNUMBER(H12),ISNUMBER(O12)),H12-O12,"")
A13: 5 | B13: S-SD04-004 | C13: 材料試驗室單位-遠翔 | K13: =IF(H13="","",IF(O13<>"","",IF(AND(O13="",H13-TODAY()<=60),H13-TODAY(),""))) | L13: =IF(AND(ISNUMBER(H13),ISNUMBER(O13)),H13-O13,"") | M13: 核定 | N13: 1-A | O13: 45786 | P13: 鼎水資字第 1140000405號 | Q13: 45789 | R13: 艾奕康新竹海淡監字第1140512-3 號 | S13: 審查同意 | T13: 45791 | U13: 艾奕康水字第1140015530號 | V13: 審定 | W13: 45799 | X13: 水北多字第11453051520號 | Y13: 核定
K14: =IF(H14="","",IF(O14<>"","",IF(AND(O14="",H14-TODAY()<=60),H14-TODAY(),""))) | L14: =IF(AND(ISNUMBER(H14),ISNUMBER(O14)),H14-O14,"")
K15: =IF(H15="","",IF(O15<>"","",IF(AND(O15="",H15-TODAY()<=60),H15-TODAY(),""))) | L15: =IF(AND(ISNUMBER(H15),ISNUMBER(O15)),H15-O15,"")
A16: 6 | B16: S-SD10-002 | C16: 料試驗室單位-華光 | K16: =IF(H16="","",IF(O16<>"","",IF(AND(O16="",H16-TODAY()<=60),H16-TODAY(),""))) | L16: =IF(AND(ISNUMBER(H16),ISNUMBER(O16)),H16-O16,"") | M16: 核定 | N16: 0-A | O16: 45786 | P16: 鼎水資字第 1140000406號 | Q16: 45789 | R16: 艾奕康新竹海淡監字第1140512-2 號 | S16: 審查同意 | T16: 45791 | U16: 艾奕康水字第1140015530號 | V16: 審定 | W16: 45799 | X16: 水北多字第11453051520號 | Y16: 核定
K17: =IF(H17="","",IF(O17<>"","",IF(AND(O17="",H17-TODAY()<=60),H17-TODAY(),""))) | L17: =IF(AND(ISNUMBER(H17),ISNUMBER(O17)),H17-O17,"")
K18: =IF(H18="","",IF(O18<>"","",IF(AND(O18="",H18-TODAY()<=60),H18-TODAY(),""))) | L18: =IF(AND(ISNUMBER(H18),ISNUMBER(O18)),H18-O18,"")
A19: 7 | B19: S-SD05-003 | C19: 材料試驗室單位-禾洋/遠宜 | K19: =IF(H19="","",IF(O19<>"","",IF(AND(O19="",H19-TODAY()<=60),H19-TODAY(),""))) | L19: =IF(AND(ISNUMBER(H19),ISNUMBER(O19)),H19-O19,"") | M19: 核定 | N19: 1-A | O19: 45786 | P19: 鼎水資字第 1140000407號 | Q19: 45789 | R19: 艾奕康新竹海淡監字第1140512-4 號 | S19: 審查同意 | T19: 45791 | U19: 艾奕康水字第1140015530號 | V19: 審定 | W19: 45799 | X19: 水北多字第11453051520號 | Y19: 核定
K20: =IF(H20="","",IF(O20<>"","",IF(AND(O20="",H20-TODAY()<=60),H20-TODAY(),""))) | L20: =IF(AND(ISNUMBER(H20),ISNUMBER(O20)),H20-O20,"")
K21: =IF(H21="","",IF(O21<>"","",IF(AND(O21="",H21-TODAY()<=60),H21-TODAY(),""))) | L21: =IF(AND(ISNUMBER(H21),ISNUMBER(O21)),H21-O21,"")
A22: 8 | B22: S-SD02-007 | C22: 材料試驗室單位-豐澤 | K22: =IF(H22="","",IF(O22<>"","",IF(AND(O22="",H22-TODAY()<=60),H22-TODAY(),""))) | L22: =IF(AND(ISNUMBER(H22),ISNUMBER(O22)),H22-O22,"") | M22: 核定 | N22: 1-A | O22: 46000 | P22: 鼎水資字第1140001465號 | Q22: 46009 | R22: 艾奕康水字第1140035008號 | S22: 審查同意 | T22: 46010 | U22: 艾奕康水字第1140035706號 | V22: 審定 | W22: 46048 | X22: 水北多字第11522003790號 | Y22: 核定
K23: =IF(H23="","",IF(O23<>"","",IF(AND(O23="",H23-TODAY()<=60),H23-TODAY(),""))) | L23: =IF(AND(ISNUMBER(H23),ISNUMBER(O23)),H23-O23,"")
K24: =IF(H24="","",IF(O24<>"","",IF(AND(O24="",H24-TODAY()<=60),H24-TODAY(),""))) | L24: =IF(AND(ISNUMBER(H24),ISNUMBER(O24)),H24-O24,"")
A25: 9 | B25: S-SD12-006 | C25: 材料試驗室單位-鋼凝 | K25: =IF(H25="","",IF(O25<>"","",IF(AND(O25="",H25-TODAY()<=60),H25-TODAY(),""))) | L25: =IF(AND(ISNUMBER(H25),ISNUMBER(O25)),H25-O25,"") | M25: 核定 | N25: 0-A | O25: 45800 | P25: 鼎水資字第 1140000480號 | Q25: 45805 | R25: 艾奕康新竹海淡監字第1140528-3 號 | S25: 審查同意 | T25: 45810 | U25: 艾奕康水字第1140017030號 | V25: 審定 | W25: 45814 | X25: 水北多字第11453057890號 | Y25: 核定
K26: =IF(H26="","",IF(O26<>"","",IF(AND(O26="",H26-TODAY()<=60),H26-TODAY(),""))) | L26: =IF(AND(ISNUMBER(H26),ISNUMBER(O26)),H26-O26,"")
K27: =IF(H27="","",IF(O27<>"","",IF(AND(O27="",H27-TODAY()<=60),H27-TODAY(),""))) | L27: =IF(AND(ISNUMBER(H27),ISNUMBER(O27)),H27-O27,"")
A28: 10 | B28: S-SD01-005 | C28: 材料試驗室單位-正昌 | K28: =IF(H28="","",IF(O28<>"","",IF(AND(O28="",H28-TODAY()<=60),H28-TODAY(),""))) | L28: =IF(AND(ISNUMBER(H28),ISNUMBER(O28)),H28-O28,"") | M28: 核定 | N28: 1-A | O28: 45800 | P28: 鼎水資字第 1140000481 號 | Q28: 45805 | R28: 艾奕康新竹海淡監字第1140528-1號 | S28: 審查同意 | T28: 45810 | U28: 艾奕康水字第1140017030號 | V28: 審定 | W28: 45814 | X28: 水北多字第11453057890號 | Y28: 核定
K29: =IF(H29="","",IF(O29<>"","",IF(AND(O29="",H29-TODAY()<=60),H29-TODAY(),""))) | L29: =IF(AND(ISNUMBER(H29),ISNUMBER(O29)),H29-O29,"")
K30: =IF(H30="","",IF(O30<>"","",IF(AND(O30="",H30-TODAY()<=60),H30-TODAY(),""))) | L30: =IF(AND(ISNUMBER(H30),ISNUMBER(O30)),H30-O30,"")
A31: 11 | B31: S-SD3-008 | C31: 材料試驗室單位-富群 | K31: =IF(H31="","",IF(O31<>"","",IF(AND(O31="",H31-TODAY()<=60),H31-TODAY(),""))) | L31: =IF(AND(ISNUMBER(H31),ISNUMBER(O31)),H31-O31,"") | M31: 核定 | N31: 1-A | O31: 45814 | P31: 鼎水資字第 1140000534 號 | Q31: 45819 | R31: 艾奕康新竹海淡監字第1140611-1 號 | S31: 審查同意 | T31: 45821 | U31: 艾奕康水字第1140018472號 | V31: 審定 | W31: 114/6/19 | X31: 水北多字第11453063010號 | Y31: 核定
K32: =IF(H32="","",IF(O32<>"","",IF(AND(O32="",H32-TODAY()<=60),H32-TODAY(),""))) | L32: =IF(AND(ISNUMBER(H32),ISNUMBER(O32)),H32-O32,"")
K33: =IF(H33="","",IF(O33<>"","",IF(AND(O33="",H33-TODAY()<=60),H33-TODAY(),""))) | L33: =IF(AND(ISNUMBER(H33),ISNUMBER(O33)),H33-O33,"")
A34: 12 | B34: S-SD13-009 | C34: 材料試驗室單位-惠凱 | K34: =IF(H34="","",IF(O34<>"","",IF(AND(O34="",H34-TODAY()<=60),H34-TODAY(),""))) | L34: =IF(AND(ISNUMBER(H34),ISNUMBER(O34)),H34-O34,"") | M34: 核定 | N34: 0-A | O34: 45999 | P34: 鼎水資字第1140001464號 | Q34: 46009 | R34: 艾奕康水字第1140034901號 | S34: 審查同意 | T34: 46010 | U34: 艾奕康水字第1140035705號 | V34: 審定 | W34: 46056 | X34: 水北多字第11522005570號 | Y34: 核定
K35: =IF(H35="","",IF(O35<>"","",IF(AND(O35="",H35-TODAY()<=60),H35-TODAY(),""))) | L35: =IF(AND(ISNUMBER(H35),ISNUMBER(O35)),H35-O35,"")
K36: =IF(H36="","",IF(O36<>"","",IF(AND(O36="",H36-TODAY()<=60),H36-TODAY(),""))) | L36: =IF(AND(ISNUMBER(H36),ISNUMBER(O36)),H36-O36,"")
A37: 13 | B37: S-SD14-010 | C37: 非破壞檢測-政鋼 | K37: =IF(H37="","",IF(O37<>"","",IF(AND(O37="",H37-TODAY()<=60),H37-TODAY(),""))) | L37: =IF(AND(ISNUMBER(H37),ISNUMBER(O37)),H37-O37,"") | M37: 核定 | N37: 0-A | O37: 46000 | P37: 鼎水資字第1140001465號 | Q37: 46009 | R37: 艾奕康水字第1140035008號 | S37: 審查同意 | T37: 46010 | U37: 艾奕康水字第1140035706號 | V37: 審定 | W37: 46048 | X37: 水北多字第11522003790號 | Y37: 核定
K38: =IF(H38="","",IF(O38<>"","",IF(AND(O38="",H38-TODAY()<=60),H38-TODAY(),""))) | L38: =IF(AND(ISNUMBER(H38),ISNUMBER(O38)),H38-O38,"")
K39: =IF(H39="","",IF(O39<>"","",IF(AND(O39="",H39-TODAY()<=60),H39-TODAY(),""))) | L39: =IF(AND(ISNUMBER(H39),ISNUMBER(O39)),H39-O39,"")
A40: 14 | B40: S-SD15-011 | C40: 明研科技 | K40: =IF(H40="","",IF(O40<>"","",IF(AND(O40="",H40-TODAY()<=60),H40-TODAY(),""))) | L40: =IF(AND(ISNUMBER(H40),ISNUMBER(O40)),H40-O40,"") | M40: 核定 | N40: 0-A | O40: 46057 | P40: 宏海淡工字第115021101號 | Q40: 46059 | R40: 艾奕康水字第1150002561號 | S40: 審查同意 | T40: 46062 | U40: 艾奕康水字第1150003976號 | V40: 審定 | W40: 46062 | X40: 水北多字第11553016390號 | Y40: 核定
K41: =IF(H41="","",IF(O41<>"","",IF(AND(O41="",H41-TODAY()<=60),H41-TODAY(),""))) | L41: =IF(AND(ISNUMBER(H41),ISNUMBER(O41)),H41-O41,"")
K42: =IF(H42="","",IF(O42<>"","",IF(AND(O42="",H42-TODAY()<=60),H42-TODAY(),""))) | L42: =IF(AND(ISNUMBER(H42),ISNUMBER(O42)),H42-O42,"")
A43: 15 | B43: S-SD16-012 | C43: 非破壞檢測-耀武 | K43: =IF(H43="","",IF(O43<>"","",IF(AND(O43="",H43-TODAY()<=60),H43-TODAY(),""))) | L43: =IF(AND(ISNUMBER(H43),ISNUMBER(O43)),H43-O43,"") | M43: 核定 | N43: 0-A | O43: 46057 | P43: 宏海淡工字第115021101號 | Q43: 46059 | R43: 艾奕康水字第1150002561號 | S43: 審查同意 | T43: 46062 | U43: 艾奕康水字第1150003976號 | V43: 審定 | W43: 46062 | X43: 水北多字第11553016390號 | Y43: 核定
K44: =IF(H44="","",IF(O44<>"","",IF(AND(O44="",H44-TODAY()<=60),H44-TODAY(),""))) | L44: =IF(AND(ISNUMBER(H44),ISNUMBER(O44)),H44-O44,"")
K45: =IF(H45="","",IF(O45<>"","",IF(AND(O45="",H45-TODAY()<=60),H45-TODAY(),""))) | L45: =IF(AND(ISNUMBER(H45),ISNUMBER(O45)),H45-O45,"")
A46: 16 | B46: S-SD17-013 | C46: 享大科技 | K46: =IF(H46="","",IF(O46<>"","",IF(AND(O46="",H46-TODAY()<=60),H46-TODAY(),""))) | L46: =IF(AND(ISNUMBER(H46),ISNUMBER(O46)),H46-O46,"") | M46: 審查 | N46: 0-A | O46: 46087 | P46: 宏海淡工字第115031111號 | Q46: 115/3/25 | R46: 艾奕康水字第1150004704號 | S46: 審查同意 | T46: 115/3/25 | U46: 艾奕康水字第1150004704號 | V46: 審查同意
K47: =IF(H47="","",IF(O47<>"","",IF(AND(O47="",H47-TODAY()<=60),H47-TODAY(),""))) | L47: =IF(AND(ISNUMBER(H47),ISNUMBER(O47)),H47-O47,"")
K48: =IF(H48="","",IF(O48<>"","",IF(AND(O48="",H48-TODAY()<=60),H48-TODAY(),""))) | L48: =IF(AND(ISNUMBER(H48),ISNUMBER(O48)),H48-O48,"")
A49: 17 | B49: S-SD18-014 | C49: 成大永續所 | K49: =IF(H49="","",IF(O49<>"","",IF(AND(O49="",H49-TODAY()<=60),H49-TODAY(),""))) | L49: =IF(AND(ISNUMBER(H49),ISNUMBER(O49)),H49-O49,"") | M49: 核定 | N49: 0-A | O49: 46087 | P49: 鼎水資字第1150000394號 | Q49: 115/4/13 | R49: 艾奕康水字第1150007701號 | S49: 審查同意 | T49: 115/4/13 | U49: 艾奕康水字第1150007701號 | V49: 審查同意 | W49: 115/5/8 | X49: 水北多字第11522024010號 | Y49: 核定
K50: =IF(H50="","",IF(O50<>"","",IF(AND(O50="",H50-TODAY()<=60),H50-TODAY(),""))) | L50: =IF(AND(ISNUMBER(H50),ISNUMBER(O50)),H50-O50,"")
K51: =IF(H51="","",IF(O51<>"","",IF(AND(O51="",H51-TODAY()<=60),H51-TODAY(),""))) | L51: =IF(AND(ISNUMBER(H51),ISNUMBER(O51)),H51-O51,"")
A52: 18 | B52: S-SD19-15 | C52: 北科大 | K52: =IF(H52="","",IF(O52<>"","",IF(AND(O52="",H52-TODAY()<=60),H52-TODAY(),""))) | L52: =IF(AND(ISNUMBER(H52),ISNUMBER(O52)),H52-O52,"") | M52: 核定 | N52: 0-A | O52: 46108 | P52: 宏海淡工字第115031123號 | Q52: 115/4/10 | R52: 艾奕康水字第1150007387號 | S52: 審查同意 | T52: 115/4/10 | U52: 艾奕康水字第1150007387號 | V52: 審查同意 | W52: 115/4/23 | X52: 水北多字第11522019990號 | Y52: 核定
K53: =IF(H53="","",IF(O53<>"","",IF(AND(O53="",H53-TODAY()<=60),H53-TODAY(),""))) | L53: =IF(AND(ISNUMBER(H53),ISNUMBER(O53)),H53-O53,"")
K54: =IF(H54="","",IF(O54<>"","",IF(AND(O54="",H54-TODAY()<=60),H54-TODAY(),""))) | L54: =IF(AND(ISNUMBER(H54),ISNUMBER(O54)),H54-O54,"")
A55: 19 | B55: S-SD20-16 | C55: 儒鴻 | K55: =IF(H55="","",IF(O55<>"","",IF(AND(O55="",H55-TODAY()<=60),H55-TODAY(),""))) | L55: =IF(AND(ISNUMBER(H55),ISNUMBER(O55)),H55-O55,"") | M55: 核定 | N55: 0-A | O55: 115/4/8 | P55: 鼎水資字第1150000552號 | Q55: 115/4/22 | R55: 艾奕康水字第1150008829號 | S55: 審查同意 | T55: 115/4/22 | U55: 艾奕康水字第1150008829號 | V55: 審查同意 | W55: 115/5/5 | X55: 北水多字第11522022770號 | Y55: 核定
K56: =IF(H56="","",IF(O56<>"","",IF(AND(O56="",H56-TODAY()<=60),H56-TODAY(),""))) | L56: =IF(AND(ISNUMBER(H56),ISNUMBER(O56)),H56-O56,"")
K57: =IF(H57="","",IF(O57<>"","",IF(AND(O57="",H57-TODAY()<=60),H57-TODAY(),""))) | L57: =IF(AND(ISNUMBER(H57),ISNUMBER(O57)),H57-O57,"")
A58: 20 | B58: S-SD21-17 | C58: 統証 | K58: =IF(H58="","",IF(O58<>"","",IF(AND(O58="",H58-TODAY()<=60),H58-TODAY(),""))) | L58: =IF(AND(ISNUMBER(H58),ISNUMBER(O58)),H58-O58,"") | M58: 核定 | N58: 0-A | O58: 115/4/22 | P58: 鼎水資字第1150000656號 | Q58: 115/5/4 | R58: 艾奕康水字第1150009649號 | S58: 審查同意 | T58: 115/5/4 | U58: 艾奕康水字第1150009649號 | V58: 審查同意 | W58: 115/5/19 | X58: 水北多字第11522025600號 | Y58: 核定
K59: =IF(H59="","",IF(O59<>"","",IF(AND(O59="",H59-TODAY()<=60),H59-TODAY(),""))) | L59: =IF(AND(ISNUMBER(H59),ISNUMBER(O59)),H59-O59,"")
K60: =IF(H60="","",IF(O60<>"","",IF(AND(O60="",H60-TODAY()<=60),H60-TODAY(),""))) | L60: =IF(AND(ISNUMBER(H60),ISNUMBER(O60)),H60-O60,"")
A61: 21 | B61: S-SD22-18 | C61: 第三方檢驗單位-TÜV Rheinland Italia | K61: =IF(H61="","",IF(O61<>"","",IF(AND(O61="",H61-TODAY()<=60),H61-TODAY(),""))) | L61: =IF(AND(ISNUMBER(H61),ISNUMBER(O61)),H61-O61,"") | M61: 審查 | N61: 0-A | O61: 114/5/14 | P61: 鼎水資字第1150000773號
K62: =IF(H62="","",IF(O62<>"","",IF(AND(O62="",H62-TODAY()<=60),H62-TODAY(),""))) | L62: =IF(AND(ISNUMBER(H62),ISNUMBER(O62)),H62-O62,"")
K63: =IF(H63="","",IF(O63<>"","",IF(AND(O63="",H63-TODAY()<=60),H63-TODAY(),""))) | L63: =IF(AND(ISNUMBER(H63),ISNUMBER(O63)),H63-O63,"")
B65: 材料試驗
B66: 應送審 | C66: =COUNTA(C5:C63) -> 21
B67: 未送審 | C67: =C66-C68-C69-C70 -> 0
B68: 已核定 | C68: =COUNTIF(M5:M63,"核定") -> 19
B69: 審查中 | C69: =COUNTIF(M5:M63,"審查") -> 2
B70: 修正中 | C70: =COUNTIF(M5:M63,"修正") -> 0

Sheet 10-2土建
E1: 新竹海水淡化廠興建及操作維護(興建部分) 土建材料送審管制總表
A2: 窗口負責人 | B2: 品管現用版本項次 | E2: 項次 | F2: 編碼 | G2: English | H2: 文件 | I2: English | J2: 類別 | K2: 規範 | L2: 圖面 | M2: 廠商 | N2: 預定送審 (進場前60天) | O2: 預定廠驗 (進場前30天) | P2: 預定進場 | Q2: 送審預警天數(60天內才顯示) | R2: 送審延遲 | S2: 程序 | T2: 版次 | U2: 審查情形 | AF2: 備註
Q3: 辦理預警 | U3: 統包商 | W3: 監造 | Z3: 專管 | AC3: 機關(北水分署)
U4: 日期 | V4: 文號 | W4: 日期 | X4: 文號 | Y4: 結果 | Z4: 日期 | AA4: 文號 | AB4: 結果 | AC4: 日期 | AD4: 文號 | AE4: 結果
E5: 1 | F5: M-01-MA-14-001 | H5: 擠壓砂樁 | J5: 土木 | K5: 02361A擠壓砂樁 | M5: 佾泰/康鴻 | Q5: =IF(N5="","",IF(U5<>"","",IF(AND(U5="",N5-TODAY()<=60),N5-TODAY(),""))) | R5: =IF(AND(ISNUMBER(N5),ISNUMBER(U5)),N5-U5,"") | S5: 核定 | T5: 0-A | U5: 45747 | V5: 鼎水資字第1140000276號 | W5: 45757 | X5: 艾奕康水字第1140011908號 | Y5: 審查同意 | Z5: 45757 | AA5: 艾奕康水字第1140011908號 | AB5: =IF(Z5="","",IF(Y5="檢退","檢退",IF(Y5="審查同意","審定","檢退"))) -> 審定 | AC5: 45758 | AD5: 水北多字第11453037020號 | AE5: =IF(AC5="","",IF(AB5="檢退","請修正",IF(AB5="請備查","備查",IF(AB5="審定","核定","請修正")))) -> 核定
E6: 2 | F6: M-01-MA-02-002 | H6: 鋼筋SD280 | J6: 土木 | K6: 03210 鋼筋 | M6: 博大 | N6: =IF(P6="","",P6-60) -> 45793 | P6: 45853 | Q6: =IF(N6="","",IF(U6<>"","",IF(AND(U6="",N6-TODAY()<=60),N6-TODAY(),""))) | R6: =IF(AND(ISNUMBER(N6),ISNUMBER(U6)),N6-U6,"") -> 36 | S6: 核定 | T6: 0-A | U6: 45757 | V6: 鼎水資字第 1140000305 號函 | W6: 45762 | X6: 艾奕康新竹海淡監字第1140415-1 號 | Y6: 審查同意 | Z6: 45765 | AA6: 艾奕康水字第1140012844號 | AB6: =IF(Z6="","",IF(Y6="檢退","檢退",IF(Y6="審查同意","審定","檢退"))) -> 審定 | AC6: 45775 | AD6: 水北多字第11453040750號 | AE6: =IF(AC6="","",IF(AB6="檢退","請修正",IF(AB6="請備查","備查",IF(AB6="審定","核定","請修正")))) -> 核定
E7: 3 | F7: M-01-MA-02-002 | H7: 鋼筋SD280W | J7: 土木 | K7: 03210 鋼筋 | M7: 博大 | N7: =IF(P7="","",P7-60) -> 45793 | P7: 45853 | Q7: =IF(N7="","",IF(U7<>"","",IF(AND(U7="",N7-TODAY()<=60),N7-TODAY(),""))) | R7: =IF(AND(ISNUMBER(N7),ISNUMBER(U7)),N7-U7,"") -> 36 | S7: 核定 | T7: 0-A | U7: 45757 | V7: 鼎水資字第 1140000305 號函 | W7: 45762 | X7: 艾奕康新竹海淡監字第1140415-1 號 | Y7: 審查同意 | Z7: 45765 | AA7: 艾奕康水字第1140012844號 | AB7: =IF(Z7="","",IF(Y7="檢退","檢退",IF(Y7="審查同意","審定","檢退"))) -> 審定 | AC7: 45775 | AD7: 水北多字第11453040750號 | AE7: =IF(AC7="","",IF(AB7="檢退","請修正",IF(AB7="請備查","備查",IF(AB7="審定","核定","請修正")))) -> 核定
E8: 4 | F8: M-01-MA-02-002 | H8: 鋼筋SD420W | J8: 土木 | K8: 03210 鋼筋 | M8: 博大 | N8: =IF(P8="","",P8-60) -> 45793 | P8: 45853 | Q8: =IF(N8="","",IF(U8<>"","",IF(AND(U8="",N8-TODAY()<=60),N8-TODAY(),""))) | R8: =IF(AND(ISNUMBER(N8),ISNUMBER(U8)),N8-U8,"") -> 36 | S8: 核定 | T8: 0-A | U8: 45757 | V8: 鼎水資字第 1140000305 號函 | W8: 45762 | X8: 艾奕康新竹海淡監字第1140415-1 號 | Y8: 審查同意 | Z8: 45765 | AA8: 艾奕康水字第1140012844號 | AB8: =IF(Z8="","",IF(Y8="檢退","檢退",IF(Y8="審查同意","審定","檢退"))) -> 審定 | AC8: 45775 | AD8: 水北多字第11453040750號 | AE8: =IF(AC8="","",IF(AB8="檢退","請修正",IF(AB8="請備查","備查",IF(AB8="審定","核定","請修正")))) -> 核定
E9: 5 | F9: S-SB02-002 | H9: 鋼筋SD280 | J9: 土木 | K9: 03210 鋼筋 | M9: 益聯 | N9: =IF(P9="","",P9-60) -> 45793 | P9: 45853 | Q9: =IF(N9="","",IF(U9<>"","",IF(AND(U9="",N9-TODAY()<=60),N9-TODAY(),""))) | R9: =IF(AND(ISNUMBER(N9),ISNUMBER(U9)),N9-U9,"") -> 31 | S9: 核定 | T9: 1-A | U9: 45762 | V9: 鼎水資字第1140000320號 | W9: 45764 | X9: 艾奕康新竹海淡監字第1140417-1 號 | Y9: 審查同意 | Z9: 45765 | AA9: 艾奕康水字第1140012843號 | AB9: =IF(Z9="","",IF(Y9="檢退","檢退",IF(Y9="審查同意","審定","檢退"))) -> 審定 | AC9: 45775 | AD9: 水北多字第11453040750號 | AE9: =IF(AC9="","",IF(AB9="檢退","請修正",IF(AB9="請備查","備查",IF(AB9="審定","核定","請修正")))) -> 核定
E10: 6 | F10: S-SB02-002 | H10: 鋼筋SD280W | J10: 土木 | K10: 03210 鋼筋 | M10: 益聯 | N10: =IF(P10="","",P10-60) -> 45793 | P10: 45853 | Q10: =IF(N10="","",IF(U10<>"","",IF(AND(U10="",N10-TODAY()<=60),N10-TODAY(),""))) | R10: =IF(AND(ISNUMBER(N10),ISNUMBER(U10)),N10-U10,"") -> 31 | S10: 核定 | T10: 1-A | U10: 45762 | V10: 鼎水資字第1140000320號 | W10: 45764 | X10: 艾奕康新竹海淡監字第1140417-1 號 | Y10: 審查同意 | Z10: 45765 | AA10: 艾奕康水字第1140012843號 | AB10: =IF(Z10="","",IF(Y10="檢退","檢退",IF(Y10="審查同意","審定","檢退"))) -> 審定 | AC10: 45775 | AD10: 水北多字第11453040750號 | AE10: =IF(AC10="","",IF(AB10="檢退","請修正",IF(AB10="請備查","備查",IF(AB10="審定","核定","請修正")))) -> 核定
E11: 7 | F11: S-SB02-002 | H11: 鋼筋SD420W | J11: 土木 | K11: 03210 鋼筋 | M11: 益聯 | N11: =IF(P11="","",P11-60) -> 45793 | P11: 45853 | Q11: =IF(N11="","",IF(U11<>"","",IF(AND(U11="",N11-TODAY()<=60),N11-TODAY(),""))) | R11: =IF(AND(ISNUMBER(N11),ISNUMBER(U11)),N11-U11,"") -> 31 | S11: 核定 | T11: 1-A | U11: 45762 | V11: 鼎水資字第1140000320號 | W11: 45764 | X11: 艾奕康新竹海淡監字第1140417-1 號 | Y11: 審查同意 | Z11: 45765 | AA11: 艾奕康水字第1140012843號 | AB11: =IF(Z11="","",IF(Y11="檢退","檢退",IF(Y11="審查同意","審定","檢退"))) -> 審定 | AC11: 45775 | AD11: 水北多字第11453040750號 | AE11: =IF(AC11="","",IF(AB11="檢退","請修正",IF(AB11="請備查","備查",IF(AB11="審定","核定","請修正")))) -> 核定
E12: 8 | F12: S-SB12-005 | H12: 鋼筋SD280 | J12: 土木 | K12: 03210 鋼筋 | M12: 海光 | N12: =IF(P12="","",P12-60) -> 45793 | P12: 45853 | Q12: =IF(N12="","",IF(U12<>"","",IF(AND(U12="",N12-TODAY()<=60),N12-TODAY(),""))) | R12: =IF(AND(ISNUMBER(N12),ISNUMBER(U12)),N12-U12,"") -> 1 | S12: 核定 | T12: 0-A | U12: 45792 | V12: 鼎水 資字第1140000440號 | W12: 45793 | X12: 艾奕康新竹海淡監字第1140516-2 號 | Y12: 審查同意 | Z12: 45797 | AA12: 艾奕康水字第1140016229號 | AB12: =IF(Z12="","",IF(Y12="檢退","檢退",IF(Y12="審查同意","審定","檢退"))) -> 審定 | AC12: 45799 | AD12: 水北多字第11453053790號 | AE12: =IF(AC12="","",IF(AB12="檢退","請修正",IF(AB12="請備查","備查",IF(AB12="審定","核定","請修正")))) -> 核定
E13: 9 | F13: S-SB12-005 | H13: 鋼筋SD280W | J13: 土木 | K13: 03210 鋼筋 | M13: 海光 | N13: =IF(P13="","",P13-60) -> 45793 | P13: 45853 | Q13: =IF(N13="","",IF(U13<>"","",IF(AND(U13="",N13-TODAY()<=60),N13-TODAY(),""))) | R13: =IF(AND(ISNUMBER(N13),ISNUMBER(U13)),N13-U13,"") -> 1 | S13: 核定 | T13: 0-A | U13: 45792 | V13: 鼎水 資字第1140000440號 | W13: 45793 | X13: 艾奕康新竹海淡監字第1140516-2 號 | Y13: 審查同意 | Z13: 45797 | AA13: 艾奕康水字第1140016229號 | AB13: =IF(Z13="","",IF(Y13="檢退","檢退",IF(Y13="審查同意","審定","檢退"))) -> 審定 | AC13: 45799 | AD13: 水北多字第11453053790號 | AE13: =IF(AC13="","",IF(AB13="檢退","請修正",IF(AB13="請備查","備查",IF(AB13="審定","核定","請修正")))) -> 核定
E14: 10 | F14: S-SB12-005 | H14: 鋼筋SD420W | J14: 土木 | K14: 03210 鋼筋 | M14: 海光 | N14: =IF(P14="","",P14-60) -> 45793 | P14: 45853 | Q14: =IF(N14="","",IF(U14<>"","",IF(AND(U14="",N14-TODAY()<=60),N14-TODAY(),""))) | R14: =IF(AND(ISNUMBER(N14),ISNUMBER(U14)),N14-U14,"") -> 1 | S14: 核定 | T14: 0-A | U14: 45792 | V14: 鼎水 資字第1140000440號 | W14: 45793 | X14: 艾奕康新竹海淡監字第1140516-2 號 | Y14: 審查同意 | Z14: 45797 | AA14: 艾奕康水字第1140016229號 | AB14: =IF(Z14="","",IF(Y14="檢退","檢退",IF(Y14="審查同意","審定","檢退"))) -> 審定 | AC14: 45799 | AD14: 水北多字第11453053790號 | AE14: =IF(AC14="","",IF(AB14="檢退","請修正",IF(AB14="請備查","備查",IF(AB14="審定","核定","請修正")))) -> 核定
E15: 11 | F15: S-SB02-007 | H15: 鋼筋SD280 | J15: 土木 | K15: 03210 鋼筋 | M15: 修緣 | N15: =IF(P15="","",P15-60) -> 45793 | P15: 45853 | Q15: =IF(N15="","",IF(U15<>"","",IF(AND(U15="",N15-TODAY()<=60),N15-TODAY(),""))) | R15: =IF(AND(ISNUMBER(N15),ISNUMBER(U15)),N15-U15,"") -> -24 | T15: 0-A | U15: 45817 | V15: 鼎水資字第1140000538號 | W15: 45820 | X15: 艾奕康新竹海淡監字第1140612-3 號 | Y15: 審查同意 | Z15: 45825 | AA15: 艾奕康水字第1140018746號 | AB15: =IF(Z15="","",IF(Y15="檢退","檢退",IF(Y15="審查同意","審定","檢退"))) -> 審定 | AC15: 45832 | AD15: 水北多字第11453064050號 | AE15: =IF(AC15="","",IF(AB15="檢退","請修正",IF(AB15="請備查","備查",IF(AB15="審定","核定","請修正")))) -> 核定
S16: 修正 | T16: 1-A | U16: 46045 | V16: 鼎水資字第1150000120號 | W16: 115/2/23 | X16: 艾奕康水字第1150003031號 | Y16: 檢退
E17: 12 | F17: S-SB02-007 | H17: 鋼筋SD280W | J17: 土木 | K17: 03210 鋼筋 | M17: 修緣 | N17: =IF(P17="","",P17-60) -> 45793 | P17: 45853 | Q17: =IF(N17="","",IF(U17<>"","",IF(AND(U17="",N17-TODAY()<=60),N17-TODAY(),""))) | R17: =IF(AND(ISNUMBER(N17),ISNUMBER(U17)),N17-U17,"") -> -24 | T17: 0-A | U17: 45817 | V17: 鼎水資字第1140000538號 | W17: 45820 | X17: 艾奕康新竹海淡監字第1140612-3 號 | Y17: 審查同意 | Z17: 45825 | AA17: 艾奕康水字第1140018746號 | AB17: =IF(Z17="","",IF(Y17="檢退","檢退",IF(Y17="審查同意","審定","檢退"))) -> 審定 | AC17: 45832 | AD17: 水北多字第11453064050號 | AE17: =IF(AC17="","",IF(AB17="檢退","請修正",IF(AB17="請備查","備查",IF(AB17="審定","核定","請修正")))) -> 核定
S18: 修正 | T18: 1-A | U18: 46045 | V18: 鼎水資字第1150000120號 | W18: 115/2/23 | X18: 艾奕康水字第1150003031號 | Y18: 檢退
E19: 13 | F19: S-SB02-007 | H19: 鋼筋SD420 | J19: 土木 | K19: 03210 鋼筋 | M19: 修緣 | N19: =IF(P19="","",P19-60) -> 45793 | P19: 45853 | Q19: =IF(N19="","",IF(U19<>"","",IF(AND(U19="",N19-TODAY()<=60),N19-TODAY(),""))) | R19: =IF(AND(ISNUMBER(N19),ISNUMBER(U19)),N19-U19,"") -> -24 | T19: 0-A | U19: 45817 | V19: 鼎水資字第1140000538號 | W19: 45820 | X19: 艾奕康新竹海淡監字第1140612-3 號 | Y19: 審查同意 | Z19: 45825 | AA19: 艾奕康水字第1140018746號 | AB19: =IF(Z19="","",IF(Y19="檢退","檢退",IF(Y19="審查同意","審定","檢退"))) -> 審定 | AC19: 45832 | AD19: 水北多字第11453064050號 | AE19: =IF(AC19="","",IF(AB19="檢退","請修正",IF(AB19="請備查","備查",IF(AB19="審定","核定","請修正")))) -> 核定
S20: 修正 | T20: 1-A | U20: 46045 | V20: 鼎水資字第1150000120號 | W20: 115/2/23 | X20: 艾奕康水字第1150003031號 | Y20: 檢退
E21: 14 | F21: S-SB02-007 | H21: 鋼筋SD420W | J21: 土木 | K21: 03210 鋼筋 | M21: 修緣 | N21: =IF(P21="","",P21-60) -> 45793 | P21: 45853 | Q21: =IF(N21="","",IF(U21<>"","",IF(AND(U21="",N21-TODAY()<=60),N21-TODAY(),""))) | R21: =IF(AND(ISNUMBER(N21),ISNUMBER(U21)),N21-U21,"") -> -24 | T21: 0-A | U21: 45817 | V21: 鼎水資字第1140000538號 | W21: 45820 | X21: 艾奕康新竹海淡監字第1140612-3 號 | Y21: 審查同意 | Z21: 45825 | AA21: 艾奕康水字第1140018746號 | AB21: =IF(Z21="","",IF(Y21="檢退","檢退",IF(Y21="審查同意","審定","檢退"))) -> 審定 | AC21: 45832 | AD21: 水北多字第11453064050號 | AE21: =IF(AC21="","",IF(AB21="檢退","請修正",IF(AB21="請備查","備查",IF(AB21="審定","核定","請修正")))) -> 核定
S22: 修正 | T22: 1-A | U22: 46045 | V22: 鼎水資字第1150000120號 | W22: 115/2/23 | X22: 艾奕康水字第1150003031號 | Y22: 檢退
E23: 15 | F23: S-SB34-018 | H23: 光面鋼筋材料 | J23: 土木 | K23: 03210 鋼筋 | M23: 廣霖鋼鐵 | S23: 核定 | T23: 0-A | U23: 45925 | V23: 鼎水資字第1140001038號 | W23: 45937 | X23: 艾奕康新竹海淡監字第1141007-2 號 | Y23: 審查同意 | Z23: 45944 | AA23: 艾奕康水字第1140029720號 | AB23: =IF(Z23="","",IF(Y23="檢退","檢退",IF(Y23="審查同意","審定","檢退"))) -> 審定 | AC23: 45947 | AD23: 水北多字第11453113020號 | AE23: =IF(AC23="","",IF(AB23="檢退","請修正",IF(AB23="請備查","備查",IF(AB23="審定","核定","請修正")))) -> 核定
E24: 16 | F24: S-SB47-31 | H24: 鋼筋SD280 | J24: 土木 | K24: 03210 鋼筋 | M24: 京品 | N24: =IF(P24="","",P24-60) | O24: =IF(P24="","",P24-30) | Q24: =IF(N24="","",IF(U24<>"","",IF(AND(U24="",N24-TODAY()<=60),N24-TODAY(),""))) | R24: =IF(AND(ISNUMBER(N24),ISNUMBER(U24)),N24-U24,"") | T24: 0-A | U24: 46010 | V24: 鼎水資字第1140001542號 | W24: 46386 | X24: 艾奕康水字第1140035884號 | Y24: 審查同意 | Z24: 46028 | AA24: 艾奕康水字第1140036516號 | AB24: 審定 | AC24: 46056 | AD24: 水北多字第11522005540號 | AE24: =IF(AC24="","",IF(AB24="檢退","請修正",IF(AB24="請備查","備查",IF(AB24="審定","核定","請修正")))) -> 核定 | AF24: =IF(MOD(ROW()-5,3)<>0,"", IF(COUNTA(U24:U26,V24:V26,W24:W26,X24:X26,Y24:Y26,Z24:Z26,AA24:AA26,AB24:AB26,AC24:AC26,AD24:AD26,AE24:AE26)=0,"", IF(COUNTIF(U24:U26,"*核定*")+COUNTIF(V24:V26,"*核定*")+COUNTIF(W24:W26,"*核定*")+COUNTIF(X24:X26,"*核定*")+COUNTIF(Y24:Y26,"*核定*")+COUNTIF(Z24:Z26,"*核定*")+COUNTIF(AA24:AA26,"*核定*")+COUNTIF(AB24:AB26,"*核定*")+COUNTIF(AC24:AC26,"*核定*")+COUNTIF(AD24:AD26,"*核定*")+COUNTIF(AE24:AE26,"*核定*")>0,"核定", IF(COUNTIF(Z24:Z26,"*檢退*")>0,"檢退", IF(COUNTIF(Z24:Z26,"*審查同意*")>0,"審查同意", IF(COUNTIF(AA24:AA26,"*審定*")+COUNTIF(AB24:AB26,"*審定*")+COUNTIF(AC24:AC26,"*審定*")>0,"審定", IF(COUNTIF(U24:U26,"*核定中*")+COUNTIF(V24:V26,"*核定中*")+COUNTIF(W24:W26,"*核定中*")+COUNTIF(X24:X26,"*核定中*")+COUNTIF(Y24:Y26,"*核定中*")+COUNTIF(Z24:Z26,"*核定中*")+COUNTIF(AA24:AA26,"*核定中*")+COUNTIF(AB24:AB26,"*核定中*")+COUNTIF(AC24:AC26,"*核定中*")+COUNTIF(AD24:AD26,"*核定中*")+COUNTIF(AE24:AE26,"*核定中*")>0,"核定中","")))))))
Q25: =IF(N25="","",IF(U25<>"","",IF(AND(U25="",N25-TODAY()<=60),N25-TODAY(),""))) | R25: =IF(AND(ISNUMBER(N25),ISNUMBER(U25)),N25-U25,"") | S25: 核定 | T25: 1-A | U25: 46056 | V25: 鼎水資字第1150000194號 | W25: 46097 | X25: 艾奕康水字第1150005000號 | Y25: 審查同意 | Z25: 46097 | AA25: 艾奕康水字第1150005000號 | AB25: 審定 | AC25: 115/3/24 | AD25: 北水多字第11522013680號 | AE25: 核定
Q26: =IF(N26="","",IF(U26<>"","",IF(AND(U26="",N26-TODAY()<=60),N26-TODAY(),""))) | R26: =IF(AND(ISNUMBER(N26),ISNUMBER(U26)),N26-U26,"") | AB26: =IF(Z26="","",IF(Y26="檢退","檢退",IF(Y26="審查同意","審定","檢退"))) | AE26: =IF(AC26="","",IF(AB26="檢退","請修正",IF(AB26="請備查","備查",IF(AB26="審定","核定","請修正"))))
E27: 17 | F27: S-SB47-31 | H27: 鋼筋SD280W | J27: 土木 | K27: 03210 鋼筋 | M27: 京品 | N27: =IF(P27="","",P27-60) | O27: =IF(P27="","",P27-30) | Q27: =IF(N27="","",IF(U27<>"","",IF(AND(U27="",N27-TODAY()<=60),N27-TODAY(),""))) | R27: =IF(AND(ISNUMBER(N27),ISNUMBER(U27)),N27-U27,"") | T27: 0-A | U27: 46010 | V27: 鼎水資字第1140001542號 | W27: 46386 | X27: 艾奕康水字第1140035884號 | Y27: 審查同意 | Z27: 46028 | AA27: 艾奕康水字第1140036516號 | AB27: 審定 | AC27: 46056 | AD27: 水北多字第11522005540號 | AE27: =IF(AC27="","",IF(AB27="檢退","請修正",IF(AB27="請備查","備查",IF(AB27="審定","核定","請修正")))) -> 核定 | AF27: =IF(MOD(ROW()-5,3)<>0,"", IF(COUNTA(U27:U29,V27:V29,W27:W29,X27:X29,Y27:Y29,Z27:Z29,AA27:AA29,AB27:AB29,AC27:AC29,AD27:AD29,AE27:AE29)=0,"", IF(COUNTIF(U27:U29,"*核定*")+COUNTIF(V27:V29,"*核定*")+COUNTIF(W27:W29,"*核定*")+COUNTIF(X27:X29,"*核定*")+COUNTIF(Y27:Y29,"*核定*")+COUNTIF(Z27:Z29,"*核定*")+COUNTIF(AA27:AA29,"*核定*")+COUNTIF(AB27:AB29,"*核定*")+COUNTIF(AC27:AC29,"*核定*")+COUNTIF(AD27:AD29,"*核定*")+COUNTIF(AE27:AE29,"*核定*")>0,"核定", IF(COUNTIF(Z27:Z29,"*檢退*")>0,"檢退", IF(COUNTIF(Z27:Z29,"*審查同意*")>0,"審查同意", IF(COUNTIF(AA27:AA29,"*審定*")+COUNTIF(AB27:AB29,"*審定*")+COUNTIF(AC27:AC29,"*審定*")>0,"審定", IF(COUNTIF(U27:U29,"*核定中*")+COUNTIF(V27:V29,"*核定中*")+COUNTIF(W27:W29,"*核定中*")+COUNTIF(X27:X29,"*核定中*")+COUNTIF(Y27:Y29,"*核定中*")+COUNTIF(Z27:Z29,"*核定中*")+COUNTIF(AA27:AA29,"*核定中*")+COUNTIF(AB27:AB29,"*核定中*")+COUNTIF(AC27:AC29,"*核定中*")+COUNTIF(AD27:AD29,"*核定中*")+COUNTIF(AE27:AE29,"*核定中*")>0,"核定中","")))))))
Q28: =IF(N28="","",IF(U28<>"","",IF(AND(U28="",N28-TODAY()<=60),N28-TODAY(),""))) | R28: =IF(AND(ISNUMBER(N28),ISNUMBER(U28)),N28-U28,"") | S28: 核定 | T28: 1-A | U28: 46056 | V28: 鼎水資字第1150000194號 | W28: 46097 | X28: 艾奕康水字第1150005000號 | Y28: 審查同意 | Z28: 46097 | AA28: 艾奕康水字第1150005000號 | AB28: 審定 | AC28: 115/3/24 | AD28: 北水多字第11522013680號 | AE28: 核定
Q29: =IF(N29="","",IF(U29<>"","",IF(AND(U29="",N29-TODAY()<=60),N29-TODAY(),""))) | R29: =IF(AND(ISNUMBER(N29),ISNUMBER(U29)),N29-U29,"") | AB29: =IF(Z29="","",IF(Y29="檢退","檢退",IF(Y29="審查同意","審定","檢退"))) | AE29: =IF(AC29="","",IF(AB29="檢退","請修正",IF(AB29="請備查","備查",IF(AB29="審定","核定","請修正"))))
E30: 18 | F30: S-SB47-31 | H30: 鋼筋SD420 | J30: 土木 | K30: 03210 鋼筋 | M30: 京品 | N30: =IF(P30="","",P30-60) | O30: =IF(P30="","",P30-30) | Q30: =IF(N30="","",IF(U30<>"","",IF(AND(U30="",N30-TODAY()<=60),N30-TODAY(),""))) | R30: =IF(AND(ISNUMBER(N30),ISNUMBER(U30)),N30-U30,"") | T30: 0-A | U30: 46010 | V30: 鼎水資字第1140001542號 | W30: 46386 | X30: 艾奕康水字第1140035884號 | Y30: 審查同意 | Z30: 46028 | AA30: 艾奕康水字第1140036516號 | AB30: 審定 | AC30: 46056 | AD30: 水北多字第11522005540號 | AE30: =IF(AC30="","",IF(AB30="檢退","請修正",IF(AB30="請備查","備查",IF(AB30="審定","核定","請修正")))) -> 核定 | AF30: =IF(MOD(ROW()-5,3)<>0,"", IF(COUNTA(U30:U32,V30:V32,W30:W32,X30:X32,Y30:Y32,Z30:Z32,AA30:AA32,AB30:AB32,AC30:AC32,AD30:AD32,AE30:AE32)=0,"", IF(COUNTIF(U30:U32,"*核定*")+COUNTIF(V30:V32,"*核定*")+COUNTIF(W30:W32,"*核定*")+COUNTIF(X30:X32,"*核定*")+COUNTIF(Y30:Y32,"*核定*")+COUNTIF(Z30:Z32,"*核定*")+COUNTIF(AA30:AA32,"*核定*")+COUNTIF(AB30:AB32,"*核定*")+COUNTIF(AC30:AC32,"*核定*")+COUNTIF(AD30:AD32,"*核定*")+COUNTIF(AE30:AE32,"*核定*")>0,"核定", IF(COUNTIF(Z30:Z32,"*檢退*")>0,"檢退", IF(COUNTIF(Z30:Z32,"*審查同意*")>0,"審查同意", IF(COUNTIF(AA30:AA32,"*審定*")+COUNTIF(AB30:AB32,"*審定*")+COUNTIF(AC30:AC32,"*審定*")>0,"審定", IF(COUNTIF(U30:U32,"*核定中*")+COUNTIF(V30:V32,"*核定中*")+COUNTIF(W30:W32,"*核定中*")+COUNTIF(X30:X32,"*核定中*")+COUNTIF(Y30:Y32,"*核定中*")+COUNTIF(Z30:Z32,"*核定中*")+COUNTIF(AA30:AA32,"*核定中*")+COUNTIF(AB30:AB32,"*核定中*")+COUNTIF(AC30:AC32,"*核定中*")+COUNTIF(AD30:AD32,"*核定中*")+COUNTIF(AE30:AE32,"*核定中*")>0,"核定中","")))))))
Q31: =IF(N31="","",IF(U31<>"","",IF(AND(U31="",N31-TODAY()<=60),N31-TODAY(),""))) | R31: =IF(AND(ISNUMBER(N31),ISNUMBER(U31)),N31-U31,"") | S31: 核定 | T31: 1-A | U31: 46056 | V31: 鼎水資字第1150000194號 | W31: 46097 | X31: 艾奕康水字第1150005000號 | Y31: 審查同意 | Z31: 46097 | AA31: 艾奕康水字第1150005000號 | AB31: 審定 | AC31: 115/3/24 | AD31: 北水多字第11522013680號 | AE31: 核定
Q32: =IF(N32="","",IF(U32<>"","",IF(AND(U32="",N32-TODAY()<=60),N32-TODAY(),""))) | R32: =IF(AND(ISNUMBER(N32),ISNUMBER(U32)),N32-U32,"") | AB32: =IF(Z32="","",IF(Y32="檢退","檢退",IF(Y32="審查同意","審定","檢退"))) | AE32: =IF(AC32="","",IF(AB32="檢退","請修正",IF(AB32="請備查","備查",IF(AB32="審定","核定","請修正"))))
E33: 19 | F33: S-SB47-31 | H33: 鋼筋SD420W | J33: 土木 | K33: 03210 鋼筋 | M33: 京品 | N33: =IF(P33="","",P33-60) | O33: =IF(P33="","",P33-30) | Q33: =IF(N33="","",IF(U33<>"","",IF(AND(U33="",N33-TODAY()<=60),N33-TODAY(),""))) | R33: =IF(AND(ISNUMBER(N33),ISNUMBER(U33)),N33-U33,"") | T33: 0-A | U33: 46010 | V33: 鼎水資字第1140001542號 | W33: 46386 | X33: 艾奕康水字第1140035884號 | Y33: 審查同意 | Z33: 46028 | AA33: 艾奕康水字第1140036516號 | AB33: 審定 | AC33: 46056 | AD33: 水北多字第11522005540號 | AE33: =IF(AC33="","",IF(AB33="檢退","請修正",IF(AB33="請備查","備查",IF(AB33="審定","核定","請修正")))) -> 核定 | AF33: =IF(MOD(ROW()-5,3)<>0,"", IF(COUNTA(U33:U35,V33:V35,W33:W35,X33:X35,Y33:Y35,Z33:Z35,AA33:AA35,AB33:AB35,AC33:AC35,AD33:AD35,AE33:AE35)=0,"", IF(COUNTIF(U33:U35,"*核定*")+COUNTIF(V33:V35,"*核定*")+COUNTIF(W33:W35,"*核定*")+COUNTIF(X33:X35,"*核定*")+COUNTIF(Y33:Y35,"*核定*")+COUNTIF(Z33:Z35,"*核定*")+COUNTIF(AA33:AA35,"*核定*")+COUNTIF(AB33:AB35,"*核定*")+COUNTIF(AC33:AC35,"*核定*")+COUNTIF(AD33:AD35,"*核定*")+COUNTIF(AE33:AE35,"*核定*")>0,"核定", IF(COUNTIF(Z33:Z35,"*檢退*")>0,"檢退", IF(COUNTIF(Z33:Z35,"*審查同意*")>0,"審查同意", IF(COUNTIF(AA33:AA35,"*審定*")+COUNTIF(AB33:AB35,"*審定*")+COUNTIF(AC33:AC35,"*審定*")>0,"審定", IF(COUNTIF(U33:U35,"*核定中*")+COUNTIF(V33:V35,"*核定中*")+COUNTIF(W33:W35,"*核定中*")+COUNTIF(X33:X35,"*核定中*")+COUNTIF(Y33:Y35,"*核定中*")+COUNTIF(Z33:Z35,"*核定中*")+COUNTIF(AA33:AA35,"*核定中*")+COUNTIF(AB33:AB35,"*核定中*")+COUNTIF(AC33:AC35,"*核定中*")+COUNTIF(AD33:AD35,"*核定中*")+COUNTIF(AE33:AE35,"*核定中*")>0,"核定中","")))))))
Q34: =IF(N34="","",IF(U34<>"","",IF(AND(U34="",N34-TODAY()<=60),N34-TODAY(),""))) | R34: =IF(AND(ISNUMBER(N34),ISNUMBER(U34)),N34-U34,"") | S34: 核定 | T34: 1-A | U34: 46056 | V34: 鼎水資字第1150000194號 | W34: 46097 | X34: 艾奕康水字第1150005000號 | Y34: 審查同意 | Z34: 46097 | AA34: 艾奕康水字第1150005000號 | AB34: 審定 | AC34: 115/3/24 | AD34: 北水多字第11522013680號 | AE34: 核定
Q35: =IF(N35="","",IF(U35<>"","",IF(AND(U35="",N35-TODAY()<=60),N35-TODAY(),""))) | R35: =IF(AND(ISNUMBER(N35),ISNUMBER(U35)),N35-U35,"") | AB35: =IF(Z35="","",IF(Y35="檢退","檢退",IF(Y35="審查同意","審定","檢退"))) | AE35: =IF(AC35="","",IF(AB35="檢退","請修正",IF(AB35="請備查","備查",IF(AB35="審定","核定","請修正"))))
E36: 20 | F36: S-SB55-039 | H36: 鋼筋SD280 | J36: 土木 | K36: 03210 鋼筋 | M36: 豐興 | O36: =IF(P36="","",P36-30) | Q36: =IF(N36="","",IF(U36<>"","",IF(AND(U36="",N36-TODAY()<=60),N36-TODAY(),""))) | R36: =IF(AND(ISNUMBER(N36),ISNUMBER(U36)),N36-U36,"") | S36: 核定 | T36: 0-A | U36: 46058 | V36: 鼎水資字第1150000205號 | W36: 46097 | X36: 艾奕康水字第1150005046號 | Y36: 審查同意 | Z36: 46097 | AA36: 艾奕康水字第1150005046號 | AB36: 審定 | AC36: 115/3/24 | AD36: 北水多字第11522013680號 | AE36: 核定
Q37: =IF(N37="","",IF(U37<>"","",IF(AND(U37="",N37-TODAY()<=60),N37-TODAY(),""))) | R37: =IF(AND(ISNUMBER(N37),ISNUMBER(U37)),N37-U37,"") | AB37: =IF(Z37="","",IF(Y37="檢退","檢退",IF(Y37="審查同意","審定","檢退")))
Q38: =IF(N38="","",IF(U38<>"","",IF(AND(U38="",N38-TODAY()<=60),N38-TODAY(),""))) | R38: =IF(AND(ISNUMBER(N38),ISNUMBER(U38)),N38-U38,"") | AB38: =IF(Z38="","",IF(Y38="檢退","檢退",IF(Y38="審查同意","審定","檢退")))
E39: 21 | F39: S-SB55-039 | H39: 鋼筋SD280W | J39: 土木 | K39: 03210 鋼筋 | M39: 豐興 | O39: =IF(P39="","",P39-30) | Q39: =IF(N39="","",IF(U39<>"","",IF(AND(U39="",N39-TODAY()<=60),N39-TODAY(),""))) | R39: =IF(AND(ISNUMBER(N39),ISNUMBER(U39)),N39-U39,"") | S39: 核定 | T39: 0-A | U39: 46058 | V39: 鼎水資字第1150000205號 | W39: 46097 | X39: 艾奕康水字第1150005046號 | Y39: 審查同意 | Z39: 46097 | AA39: 艾奕康水字第1150005046號 | AB39: 審定 | AC39: 115/3/24 | AD39: 北水多字第11522013680號 | AE39: 核定
Q40: =IF(N40="","",IF(U40<>"","",IF(AND(U40="",N40-TODAY()<=60),N40-TODAY(),""))) | R40: =IF(AND(ISNUMBER(N40),ISNUMBER(U40)),N40-U40,"") | AB40: =IF(Z40="","",IF(Y40="檢退","檢退",IF(Y40="審查同意","審定","檢退")))
Q41: =IF(N41="","",IF(U41<>"","",IF(AND(U41="",N41-TODAY()<=60),N41-TODAY(),""))) | R41: =IF(AND(ISNUMBER(N41),ISNUMBER(U41)),N41-U41,"") | AB41: =IF(Z41="","",IF(Y41="檢退","檢退",IF(Y41="審查同意","審定","檢退")))
E42: 22 | F42: S-SB55-039 | H42: 鋼筋SD420 | J42: 土木 | K42: 03210 鋼筋 | M42: 豐興 | O42: =IF(P42="","",P42-30) | Q42: =IF(N42="","",IF(U42<>"","",IF(AND(U42="",N42-TODAY()<=60),N42-TODAY(),""))) | R42: =IF(AND(ISNUMBER(N42),ISNUMBER(U42)),N42-U42,"") | S42: 核定 | T42: 0-A | U42: 46058 | V42: 鼎水資字第1150000205號 | W42: 46097 | X42: 艾奕康水字第1150005046號 | Y42: 審查同意 | Z42: 46097 | AA42: 艾奕康水字第1150005046號 | AB42: 審定 | AC42: 115/3/24 | AD42: 北水多字第11522013680號 | AE42: 核定
Q43: =IF(N43="","",IF(U43<>"","",IF(AND(U43="",N43-TODAY()<=60),N43-TODAY(),""))) | R43: =IF(AND(ISNUMBER(N43),ISNUMBER(U43)),N43-U43,"") | AB43: =IF(Z43="","",IF(Y43="檢退","檢退",IF(Y43="審查同意","審定","檢退")))
Q44: =IF(N44="","",IF(U44<>"","",IF(AND(U44="",N44-TODAY()<=60),N44-TODAY(),""))) | R44: =IF(AND(ISNUMBER(N44),ISNUMBER(U44)),N44-U44,"") | AB44: =IF(Z44="","",IF(Y44="檢退","檢退",IF(Y44="審查同意","審定","檢退")))
E45: 23 | F45: S-SB55-039 | H45: 鋼筋SD420W | J45: 土木 | K45: 03210 鋼筋 | M45: 豐興 | O45: =IF(P45="","",P45-30) | Q45: =IF(N45="","",IF(U45<>"","",IF(AND(U45="",N45-TODAY()<=60),N45-TODAY(),""))) | R45: =IF(AND(ISNUMBER(N45),ISNUMBER(U45)),N45-U45,"") | S45: 核定 | T45: 0-A | U45: 46058 | V45: 鼎水資字第1150000205號 | W45: 46097 | X45: 艾奕康水字第1150005046號 | Y45: 審查同意 | Z45: 46097 | AA45: 艾奕康水字第1150005046號 | AB45: 審定 | AC45: 115/3/24 | AD45: 北水多字第11522013680號 | AE45: 核定
Q46: =IF(N46="","",IF(U46<>"","",IF(AND(U46="",N46-TODAY()<=60),N46-TODAY(),""))) | R46: =IF(AND(ISNUMBER(N46),ISNUMBER(U46)),N46-U46,"") | AB46: =IF(Z46="","",IF(Y46="檢退","檢退",IF(Y46="審查同意","審定","檢退")))
Q47: =IF(N47="","",IF(U47<>"","",IF(AND(U47="",N47-TODAY()<=60),N47-TODAY(),""))) | R47: =IF(AND(ISNUMBER(N47),ISNUMBER(U47)),N47-U47,"") | AB47: =IF(Z47="","",IF(Y47="檢退","檢退",IF(Y47="審查同意","審定","檢退")))
E48: 24 | F48: S-SB57-041 | H48: 鋼筋SD280 | I48: CW | J48: 土木 | K48: 03210 鋼筋 | M48: 沛波鋼鐵 | N48: =IF(P48="","",P48-60) | O48: =IF(P48="","",P48-30) | Q48: =IF(N48="","",IF(U48<>"","",IF(AND(U48="",N48-TODAY()<=60),N48-TODAY(),""))) | R48: =IF(AND(ISNUMBER(N48),ISNUMBER(U48)),N48-U48,"") | S48: 核定 | T48: 0-A | U48: 46059 | V48: 鼎水資字第1150000207號 | W48: 46097 | X48: 艾奕康水字第1150004999號 | Y48: 審查同意 | Z48: 46097 | AA48: 艾奕康水字第1150004999號 | AB48: 審定 | AC48: 115/3/24 | AD48: 北水多字第11522013680號 | AE48: 核定
Q49: =IF(N49="","",IF(U49<>"","",IF(AND(U49="",N49-TODAY()<=60),N49-TODAY(),""))) | R49: =IF(AND(ISNUMBER(N49),ISNUMBER(U49)),N49-U49,"") | AB49: =IF(Z49="","",IF(Y49="檢退","檢退",IF(Y49="審查同意","審定","檢退")))
Q50: =IF(N50="","",IF(U50<>"","",IF(AND(U50="",N50-TODAY()<=60),N50-TODAY(),""))) | R50: =IF(AND(ISNUMBER(N50),ISNUMBER(U50)),N50-U50,"") | AB50: =IF(Z50="","",IF(Y50="檢退","檢退",IF(Y50="審查同意","審定","檢退")))
E51: 25 | F51: S-SB57-041 | H51: 鋼筋SD280W | I51: CW | J51: 土木 | K51: 03210 鋼筋 | M51: 沛波鋼鐵 | N51: =IF(P51="","",P51-60) | O51: =IF(P51="","",P51-30) | Q51: =IF(N51="","",IF(U51<>"","",IF(AND(U51="",N51-TODAY()<=60),N51-TODAY(),""))) | R51: =IF(AND(ISNUMBER(N51),ISNUMBER(U51)),N51-U51,"") | S51: 核定 | T51: 0-A | U51: 46059 | V51: 鼎水資字第1150000207號 | W51: 46097 | X51: 艾奕康水字第1150004999號 | Y51: 審查同意 | Z51: 46097 | AA51: 艾奕康水字第1150004999號 | AB51: 審定 | AC51: 115/3/24 | AD51: 北水多字第11522013680號 | AE51: 核定
Q52: =IF(N52="","",IF(U52<>"","",IF(AND(U52="",N52-TODAY()<=60),N52-TODAY(),""))) | R52: =IF(AND(ISNUMBER(N52),ISNUMBER(U52)),N52-U52,"") | AB52: =IF(Z52="","",IF(Y52="檢退","檢退",IF(Y52="審查同意","審定","檢退")))
Q53: =IF(N53="","",IF(U53<>"","",IF(AND(U53="",N53-TODAY()<=60),N53-TODAY(),""))) | R53: =IF(AND(ISNUMBER(N53),ISNUMBER(U53)),N53-U53,"") | AB53: =IF(Z53="","",IF(Y53="檢退","檢退",IF(Y53="審查同意","審定","檢退")))
E54: 26 | F54: S-SB57-041 | H54: 鋼筋SD420W | I54: CW | J54: 土木 | K54: 03210 鋼筋 | M54: 沛波鋼鐵 | N54: =IF(P54="","",P54-60) | O54: =IF(P54="","",P54-30) | Q54: =IF(N54="","",IF(U54<>"","",IF(AND(U54="",N54-TODAY()<=60),N54-TODAY(),""))) | R54: =IF(AND(ISNUMBER(N54),ISNUMBER(U54)),N54-U54,"") | S54: 核定 | T54: 0-A | U54: 46059 | V54: 鼎水資字第1150000207號 | W54: 46097 | X54: 艾奕康水字第1150004999號 | Y54: 審查同意 | Z54: 46097 | AA54: 艾奕康水字第1150004999號 | AB54: 審定 | AC54: 115/3/24 | AD54: 北水多字第11522013680號 | AE54: 核定
Q55: =IF(N55="","",IF(U55<>"","",IF(AND(U55="",N55-TODAY()<=60),N55-TODAY(),""))) | R55: =IF(AND(ISNUMBER(N55),ISNUMBER(U55)),N55-U55,"") | AB55: =IF(Z55="","",IF(Y55="檢退","檢退",IF(Y55="審查同意","審定","檢退")))
Q56: =IF(N56="","",IF(U56<>"","",IF(AND(U56="",N56-TODAY()<=60),N56-TODAY(),""))) | R56: =IF(AND(ISNUMBER(N56),ISNUMBER(U56)),N56-U56,"") | AB56: =IF(Z56="","",IF(Y56="檢退","檢退",IF(Y56="審查同意","審定","檢退")))
E57: 27 | F57: S-SB58-042 | H57: 鋼筋SD280 | I57: CW | J57: 土木 | K57: 03210 鋼筋 | M57: 高亨鋼鐵 | N57: =IF(P57="","",P57-60) | O57: =IF(P57="","",P57-30) | Q57: =IF(N57="","",IF(U57<>"","",IF(AND(U57="",N57-TODAY()<=60),N57-TODAY(),""))) | R57: =IF(AND(ISNUMBER(N57),ISNUMBER(U57)),N57-U57,"") | S57: 核定 | T57: 0-A | U57: 46059 | V57: 鼎水資字第1150000208號 | W57: 46097 | X57: 艾奕康水字第1150005002號 | Y57: 審查同意 | Z57: 46097 | AA57: 艾奕康水字第1150005002號 | AB57: 審定 | AC57: 115/3/24 | AD57: 北水多字第11522013680號 | AE57: 核定
E58: 28 | F58: S-SB58-042 | H58: 鋼筋SD280W | I58: CW | J58: 土木 | K58: 03210 鋼筋 | M58: 高亨鋼鐵 | N58: =IF(P58="","",P58-60) | O58: =IF(P58="","",P58-30) | Q58: =IF(N58="","",IF(U58<>"","",IF(AND(U58="",N58-TODAY()<=60),N58-TODAY(),""))) | R58: =IF(AND(ISNUMBER(N58),ISNUMBER(U58)),N58-U58,"") | S58: 核定 | T58: 0-A | U58: 46059 | V58: 鼎水資字第1150000208號 | W58: 46097 | X58: 艾奕康水字第1150005002號 | Y58: 審查同意 | Z58: 46097 | AA58: 艾奕康水字第1150005002號 | AB58: 審定 | AC58: 115/3/24 | AD58: 北水多字第11522013680號 | AE58: 核定
E59: 29 | F59: S-SB58-042 | H59: 鋼筋SD420 | I59: CW | J59: 土木 | K59: 03210 鋼筋 | M59: 高亨鋼鐵 | N59: =IF(P59="","",P59-60) | O59: =IF(P59="","",P59-30) | Q59: =IF(N59="","",IF(U59<>"","",IF(AND(U59="",N59-TODAY()<=60),N59-TODAY(),""))) | R59: =IF(AND(ISNUMBER(N59),ISNUMBER(U59)),N59-U59,"") | S59: 核定 | T59: 0-A | U59: 46059 | V59: 鼎水資字第1150000208號 | W59: 46097 | X59: 艾奕康水字第1150005002號 | Y59: 審查同意 | Z59: 46097 | AA59: 艾奕康水字第1150005002號 | AB59: 審定 | AC59: 115/3/24 | AD59: 北水多字第11522013680號 | AE59: 核定
E60: 30 | F60: S-SB58-042 | H60: 鋼筋SD420W | I60: CW | J60: 土木 | K60: 03210 鋼筋 | M60: 高亨鋼鐵 | N60: =IF(P60="","",P60-60) | O60: =IF(P60="","",P60-30) | Q60: =IF(N60="","",IF(U60<>"","",IF(AND(U60="",N60-TODAY()<=60),N60-TODAY(),""))) | R60: =IF(AND(ISNUMBER(N60),ISNUMBER(U60)),N60-U60,"") | S60: 核定 | T60: 0-A | U60: 46059 | V60: 鼎水資字第1150000208號 | W60: 46097 | X60: 艾奕康水字第1150005002號 | Y60: 審查同意 | Z60: 46097 | AA60: 艾奕康水字第1150005002號 | AB60: 審定 | AC60: 115/3/24 | AD60: 北水多字第11522013680號 | AE60: 核定
E61: 31 | F61: S-SB32-016 | H61: SD420鋼筋續接器 | I61: CW | J61: 土木 | K61: 03210 鋼筋 | M61: 銓新 | N61: =IF(P61="","",P61-60) -> 45855 | P61: 45915 | Q61: =IF(N61="","",IF(U61<>"","",IF(AND(U61="",N61-TODAY()<=60),N61-TODAY(),""))) | R61: =IF(AND(ISNUMBER(N61),ISNUMBER(U61)),N61-U61,"") -> -41 | T61: 0-A | U61: 45896 | V61: 鼎水資字第1140000865號 | W61: 45909 | X61: 艾奕康水字第1140025608號 | Y61: 檢退-限9/15提送 | AB61: =IF(Z61="","",IF(Y61="檢退","檢退",IF(Y61="審查同意","審定","檢退"))) | AE61: =IF(AC61="","",IF(AB61="檢退","請修正",IF(AB61="請備查","備查",IF(AB61="審定","核定","請修正")))) | AF61: =IF(MOD(ROW()-5,3)<>0,"", IF(COUNTA(U61:U63,V61:V63,W61:W63,X61:X63,Y61:Y63,Z61:Z63,AA61:AA63,AB61:AB63,AC61:AC63,AD61:AD63,AE61:AE63)=0,"", IF(COUNTIF(U61:U63,"*核定*")+COUNTIF(V61:V63,"*核定*")+COUNTIF(W61:W63,"*核定*")+COUNTIF(X61:X63,"*核定*")+COUNTIF(Y61:Y63,"*核定*")+COUNTIF(Z61:Z63,"*核定*")+COUNTIF(AA61:AA63,"*核定*")+COUNTIF(AB61:AB63,"*核定*")+COUNTIF(AC61:AC63,"*核定*")+COUNTIF(AD61:AD63,"*核定*")+COUNTIF(AE61:AE63,"*核定*")>0,"核定", IF(COUNTIF(Z61:Z63,"*檢退*")>0,"檢退", IF(COUNTIF(Z61:Z63,"*審查同意*")>0,"審查同意", IF(COUNTIF(AA61:AA63,"*審定*")+COUNTIF(AB61:AB63,"*審定*")+COUNTIF(AC61:AC63,"*審定*")>0,"審定", IF(COUNTIF(U61:U63,"*核定中*")+COUNTIF(V61:V63,"*核定中*")+COUNTIF(W61:W63,"*核定中*")+COUNTIF(X61:X63,"*核定中*")+COUNTIF(Y61:Y63,"*核定中*")+COUNTIF(Z61:Z63,"*核定中*")+COUNTIF(AA61:AA63,"*核定中*")+COUNTIF(AB61:AB63,"*核定中*")+COUNTIF(AC61:AC63,"*核定中*")+COUNTIF(AD61:AD63,"*核定中*")+COUNTIF(AE61:AE63,"*核定中*")>0,"核定中","")))))))
N62: 45915 | Q62: =IF(N62="","",IF(U62<>"","",IF(AND(U62="",N62-TODAY()<=60),N62-TODAY(),""))) | R62: =IF(AND(ISNUMBER(N62),ISNUMBER(U62)),N62-U62,"") -> 0 | S62: 核定 | T62: 0-B | U62: 45915 | V62: 鼎水資字第1140000971號 | W62: 45919 | X62: 艾奕康新竹海淡監字第1140919-4號 | Y62: 審查同意 | Z62: 45926 | AA62: 艾奕康水字第1140028400號 | AB62: =IF(Z62="","",IF(Y62="檢退","檢退",IF(Y62="審查同意","審定","檢退"))) -> 審定 | AC62: 45931 | AD62: 水北多字第11422032930號 | AE62: =IF(AC62="","",IF(AB62="檢退","請修正",IF(AB62="請備查","備查",IF(AB62="審定","核定","請修正")))) -> 核定
Q63: =IF(N63="","",IF(U63<>"","",IF(AND(U63="",N63-TODAY()<=60),N63-TODAY(),""))) | R63: =IF(AND(ISNUMBER(N63),ISNUMBER(U63)),N63-U63,"") | AB63: =IF(Z63="","",IF(Y63="檢退","檢退",IF(Y63="審查同意","審定","檢退"))) | AE63: =IF(AC63="","",IF(AB63="檢退","請修正",IF(AB63="請備查","備查",IF(AB63="審定","核定","請修正"))))
E64: =E61+1 -> 32 | F64: S-SB01-001 | H64: 140kgf/cm2預拌混凝土 | I64: CW | J64: 土木 | K64: 03310 結構用混凝土 | M64: 國順 | N64: 45853 | O64: =IF(N64="","",N64-30) -> 45823 | P64: =IF(N64="","",N64-60) -> 45793 | Q64: =IF(N64="","",IF(U64<>"","",IF(AND(U64="",N64-TODAY()<=60),N64-TODAY(),""))) | R64: =IF(AND(ISNUMBER(N64),ISNUMBER(U64)),N64-U64,"") -> 91 | T64: 0-A | U64: 45762 | V64: 鼎水資字第1140000321號 | W64: 45768 | X64: 艾奕康水字第1140012509號 | Y64: 檢退 | AB64: =IF(Z64="","",IF(Y64="檢退","檢退",IF(Y64="審查同意","審定","檢退"))) | AE64: =IF(AC64="","",IF(AB64="檢退","請修正",IF(AB64="請備查","備查",IF(AB64="審定","核定","請修正"))))
Q65: =IF(N65="","",IF(U65<>"","",IF(AND(U65="",N65-TODAY()<=60),N65-TODAY(),""))) | R65: =IF(AND(ISNUMBER(N65),ISNUMBER(U65)),N65-U65,"") | S65: 核定 | T65: 0-B | U65: 45779 | V65: 鼎水資字第1140000380號 | W65: 45783 | X65: 艾奕康新竹海淡監字第1140506-1 號 | Y65: 審查同意 | Z65: 45786 | AA65: 艾奕康水字第1140015192號 | AB65: =IF(Z65="","",IF(Y65="檢退","檢退",IF(Y65="審查同意","審定","檢退"))) -> 審定 | AC65: 45797 | AD65: 水北多字第11453049930號 | AE65: =IF(AC65="","",IF(AB65="檢退","請修正",IF(AB65="請備查","備查",IF(AB65="審定","核定","請修正")))) -> 核定
E66: 33 | F66: S-SB01-001 | H66: 210kgf/cm2預拌混凝土 | I66: CW | J66: 土木 | K66: 03310 結構用混凝土 | M66: 國順 | N66: 45853 | O66: =IF(N66="","",N66-30) -> 45823 | P66: =IF(N66="","",N66-60) -> 45793 | Q66: =IF(N66="","",IF(U66<>"","",IF(AND(U66="",N66-TODAY()<=60),N66-TODAY(),""))) | R66: =IF(AND(ISNUMBER(N66),ISNUMBER(U66)),N66-U66,"") -> 91 | T66: 0-A | U66: 45762 | V66: 鼎水資字第1140000321號 | W66: 45768 | X66: 艾奕康水字第1140012509號 | Y66: 檢退 | AB66: =IF(Z66="","",IF(Y66="檢退","檢退",IF(Y66="審查同意","審定","檢退"))) | AE66: =IF(AC66="","",IF(AB66="檢退","請修正",IF(AB66="請備查","備查",IF(AB66="審定","核定","請修正"))))
Q67: =IF(N67="","",IF(U67<>"","",IF(AND(U67="",N67-TODAY()<=60),N67-TODAY(),""))) | R67: =IF(AND(ISNUMBER(N67),ISNUMBER(U67)),N67-U67,"") | S67: 核定 | T67: 0-B | U67: 45779 | V67: 鼎水資字第1140000380號 | W67: 45783 | X67: 艾奕康新竹海淡監字第1140506-1 號 | Y67: 審查同意 | Z67: 45786 | AA67: 艾奕康水字第1140015192號 | AB67: =IF(Z67="","",IF(Y67="檢退","檢退",IF(Y67="審查同意","審定","檢退"))) -> 審定 | AC67: 45797 | AD67: 水北多字第11453049930號 | AE67: =IF(AC67="","",IF(AB67="檢退","請修正",IF(AB67="請備查","備查",IF(AB67="審定","核定","請修正")))) -> 核定
E68: 34 | F68: S-SB01-001 | H68: 280kgf/cm2預拌混凝土 | I68: CW | J68: 土木 | K68: 03310 結構用混凝土 | M68: 國順 | N68: 45853 | O68: =IF(N68="","",N68-30) -> 45823 | P68: =IF(N68="","",N68-60) -> 45793 | Q68: =IF(N68="","",IF(U68<>"","",IF(AND(U68="",N68-TODAY()<=60),N68-TODAY(),""))) | R68: =IF(AND(ISNUMBER(N68),ISNUMBER(U68)),N68-U68,"") -> 91 | T68: 0-A | U68: 45762 | V68: 鼎水資字第1140000321號 | W68: 45768 | X68: 艾奕康水字第1140012509號 | Y68: 檢退 | AB68: =IF(Z68="","",IF(Y68="檢退","檢退",IF(Y68="審查同意","審定","檢退"))) | AE68: =IF(AC68="","",IF(AB68="檢退","請修正",IF(AB68="請備查","備查",IF(AB68="審定","核定","請修正"))))
Q69: =IF(N69="","",IF(U69<>"","",IF(AND(U69="",N69-TODAY()<=60),N69-TODAY(),""))) | R69: =IF(AND(ISNUMBER(N69),ISNUMBER(U69)),N69-U69,"") | S69: 核定 | T69: 0-B | U69: 45779 | V69: 鼎水資字第1140000380號 | W69: 45783 | X69: 艾奕康新竹海淡監字第1140506-1 號 | Y69: 審查同意 | Z69: 45786 | AA69: 艾奕康水字第1140015192號 | AB69: =IF(Z69="","",IF(Y69="檢退","檢退",IF(Y69="審查同意","審定","檢退"))) -> 審定 | AC69: 45797 | AD69: 水北多字第11453049930號 | AE69: =IF(AC69="","",IF(AB69="檢退","請修正",IF(AB69="請備查","備查",IF(AB69="審定","核定","請修正")))) -> 核定
E70: 35 | F70: S-SB01-003 | H70: 140kgf/cm2預拌混凝土 | I70: CW | J70: 土木 | K70: 03310 結構用混凝土 | M70: 永瑄 | N70: =IF(P70="","",P70-60) -> 45793 | O70: =IF(P70="","",P70-30) -> 45823 | P70: 45853 | Q70: =IF(N70="","",IF(U70<>"","",IF(AND(U70="",N70-TODAY()<=60),N70-TODAY(),""))) | R70: =IF(AND(ISNUMBER(N70),ISNUMBER(U70)),N70-U70,"") -> -5 | T70: 0-A | U70: 45798 | V70: 鼎水資字第 1140000464 號 | W70: 45803 | X70: 艾奕康新竹海淡監字第1140526-1 號 | Y70: 審查同意 | Z70: 45805 | AA70: 艾奕康水字第1140016840號 | AB70: =IF(Z70="","",IF(Y70="檢退","檢退",IF(Y70="審查同意","審定","檢退"))) -> 審定 | AC70: 45810 | AD70: 水北多字第11453056870號 | AE70: =IF(AC70="","",IF(AB70="檢退","請修正",IF(AB70="請備查","備查",IF(AB70="審定","核定","請修正")))) -> 核定
S71: 核定 | T71: 1-A | U71: 45926 | V71: 鼎水資字第1140001053號 | W71: 45939 | X71: 艾奕康新竹海淡監字第1141009-3號 | Y71: 審查同意 | Z71: 45944 | AA71: 艾奕康水字第1140029767號 | AB71: =IF(Z71="","",IF(Y71="檢退","檢退",IF(Y71="審查同意","審定","檢退"))) -> 審定 | AC71: 45952 | AD71: 水北多字第11453113390號 | AE71: =IF(AC71="","",IF(AB71="檢退","請修正",IF(AB71="請備查","備查",IF(AB71="審定","核定","請修正")))) -> 核定
E72: 36 | F72: S-SB01-003 | H72: 210kgf/cm2預拌混凝土 | I72: CW | J72: 土木 | K72: 03310 結構用混凝土 | M72: 永瑄 | N72: =IF(P72="","",P72-60) -> 45793 | O72: =IF(P72="","",P72-30) -> 45823 | P72: 45853 | Q72: =IF(N72="","",IF(U72<>"","",IF(AND(U72="",N72-TODAY()<=60),N72-TODAY(),""))) | R72: =IF(AND(ISNUMBER(N72),ISNUMBER(U72)),N72-U72,"") -> -5 | T72: 0-A | U72: 45798 | V72: 鼎水資字第 1140000464 號 | W72: 45803 | X72: 艾奕康新竹海淡監字第1140526-1 號 | Y72: 審查同意 | Z72: 45805 | AA72: 艾奕康水字第1140016840號 | AB72: =IF(Z72="","",IF(Y72="檢退","檢退",IF(Y72="審查同意","審定","檢退"))) -> 審定 | AC72: 45810 | AD72: 水北多字第11453056870號 | AE72: =IF(AC72="","",IF(AB72="檢退","請修正",IF(AB72="請備查","備查",IF(AB72="審定","核定","請修正")))) -> 核定
S73: 核定 | T73: 1-A | U73: 45926 | V73: 鼎水資字第1140001053號 | W73: 45939 | X73: 艾奕康新竹海淡監字第1141009-3號 | Y73: 審查同意 | Z73: 45944 | AA73: 艾奕康水字第1140029767號 | AB73: =IF(Z73="","",IF(Y73="檢退","檢退",IF(Y73="審查同意","審定","檢退"))) -> 審定 | AC73: 45952 | AD73: 水北多字第11453113390號 | AE73: =IF(AC73="","",IF(AB73="檢退","請修正",IF(AB73="請備查","備查",IF(AB73="審定","核定","請修正")))) -> 核定
E74: 37 | F74: S-SB01-003 | H74: 280kgf/cm2預拌混凝土 | I74: CW | J74: 土木 | K74: 03310 結構用混凝土 | M74: 永瑄 | N74: =IF(P74="","",P74-60) -> 45793 | O74: =IF(P74="","",P74-30) -> 45823 | P74: 45853 | Q74: =IF(N74="","",IF(U74<>"","",IF(AND(U74="",N74-TODAY()<=60),N74-TODAY(),""))) | R74: =IF(AND(ISNUMBER(N74),ISNUMBER(U74)),N74-U74,"") -> -5 | T74: 0-A | U74: 45798 | V74: 鼎水資字第 1140000464 號 | W74: 45803 | X74: 艾奕康新竹海淡監字第1140526-1 號 | Y74: 審查同意 | Z74: 45805 | AA74: 艾奕康水字第1140016840號 | AB74: =IF(Z74="","",IF(Y74="檢退","檢退",IF(Y74="審查同意","審定","檢退"))) -> 審定 | AC74: 45810 | AD74: 水北多字第11453056870號 | AE74: =IF(AC74="","",IF(AB74="檢退","請修正",IF(AB74="請備查","備查",IF(AB74="審定","核定","請修正")))) -> 核定
S75: 核定 | T75: 1-A | U75: 45926 | V75: 鼎水資字第1140001053號 | W75: 45939 | X75: 艾奕康新竹海淡監字第1141009-3號 | Y75: 審查同意 | Z75: 45944 | AA75: 艾奕康水字第1140029767號 | AB75: =IF(Z75="","",IF(Y75="檢退","檢退",IF(Y75="審查同意","審定","檢退"))) -> 審定 | AC75: 45952 | AD75: 水北多字第11453113390號 | AE75: =IF(AC75="","",IF(AB75="檢退","請修正",IF(AB75="請備查","備查",IF(AB75="審定","核定","請修正")))) -> 核定
E76: 38 | F76: S-SB01-003 | H76: 350kgf/cm2預拌混凝土 | I76: CW | J76: 土木 | K76: 03310 結構用混凝土 | M76: 永瑄 | N76: =IF(P76="","",P76-60) -> 45793 | O76: =IF(P76="","",P76-30) -> 45823 | P76: 45853 | Q76: =IF(N76="","",IF(U76<>"","",IF(AND(U76="",N76-TODAY()<=60),N76-TODAY(),""))) | R76: =IF(AND(ISNUMBER(N76),ISNUMBER(U76)),N76-U76,"") -> -5 | T76: 0-A | U76: 45798 | V76: 鼎水資字第 1140000464 號 | W76: 45803 | X76: 艾奕康新竹海淡監字第1140526-1 號 | Y76: 審查同意 | Z76: 45805 | AA76: 艾奕康水字第1140016840號 | AB76: =IF(Z76="","",IF(Y76="檢退","檢退",IF(Y76="審查同意","審定","檢退"))) -> 審定 | AC76: 45810 | AD76: 水北多字第11453056870號 | AE76: =IF(AC76="","",IF(AB76="檢退","請修正",IF(AB76="請備查","備查",IF(AB76="審定","核定","請修正")))) -> 核定
S77: 核定 | T77: 1-A | U77: 45926 | V77: 鼎水資字第1140001053號 | W77: 45939 | X77: 艾奕康新竹海淡監字第1141009-3號 | Y77: 審查同意 | Z77: 45944 | AA77: 艾奕康水字第1140029767號 | AB77: =IF(Z77="","",IF(Y77="檢退","檢退",IF(Y77="審查同意","審定","檢退"))) -> 審定 | AC77: 45952 | AD77: 水北多字第11453113390號 | AE77: =IF(AC77="","",IF(AB77="檢退","請修正",IF(AB77="請備查","備查",IF(AB77="審定","核定","請修正")))) -> 核定
E78: 39 | F78: S-SB01-003 | H78: 280kgf/cm2巨積混凝土 | I78: CW | J78: 土木 | K78: 03310 結構用混凝土 | M78: 永瑄 | N78: =IF(P78="","",P78-60) -> 45793 | O78: =IF(P78="","",P78-30) -> 45823 | P78: 45853 | Q78: =IF(N78="","",IF(U78<>"","",IF(AND(U78="",N78-TODAY()<=60),N78-TODAY(),""))) | R78: =IF(AND(ISNUMBER(N78),ISNUMBER(U78)),N78-U78,"") -> -5 | T78: 0-A | U78: 45798 | V78: 鼎水資字第 1140000464 號 | W78: 45803 | X78: 艾奕康新竹海淡監字第1140526-1 號 | Y78: 審查同意 | Z78: 45805 | AA78: 艾奕康水字第1140016840號 | AB78: =IF(Z78="","",IF(Y78="檢退","檢退",IF(Y78="審查同意","審定","檢退"))) -> 審定 | AC78: 45810 | AD78: 水北多字第11453056870號 | AE78: =IF(AC78="","",IF(AB78="檢退","請修正",IF(AB78="請備查","備查",IF(AB78="審定","核定","請修正")))) -> 核定
S79: 核定 | T79: 1-A | U79: 45926 | V79: 鼎水資字第1140001053號 | W79: 45939 | X79: 艾奕康新竹海淡監字第1141009-3號 | Y79: 審查同意 | Z79: 45944 | AA79: 艾奕康水字第1140029767號 | AB79: =IF(Z79="","",IF(Y79="檢退","檢退",IF(Y79="審查同意","審定","檢退"))) -> 審定 | AC79: 45952 | AD79: 水北多字第11453113390號 | AE79: =IF(AC79="","",IF(AB79="檢退","請修正",IF(AB79="請備查","備查",IF(AB79="審定","核定","請修正")))) -> 核定
E80: 40 | F80: S-SB01-003 | H80: 350kgf/cm2巨積混凝土 | I80: CW | J80: 土木 | K80: 03310 結構用混凝土 | M80: 永瑄 | N80: =IF(P80="","",P80-60) -> 45793 | O80: =IF(P80="","",P80-30) -> 45823 | P80: 45853 | Q80: =IF(N80="","",IF(U80<>"","",IF(AND(U80="",N80-TODAY()<=60),N80-TODAY(),""))) | R80: =IF(AND(ISNUMBER(N80),ISNUMBER(U80)),N80-U80,"") -> -5 | T80: 0-A | U80: 45798 | V80: 鼎水資字第 1140000464 號 | W80: 45803 | X80: 艾奕康新竹海淡監字第1140526-1 號 | Y80: 審查同意 | Z80: 45805 | AA80: 艾奕康水字第1140016840號 | AB80: =IF(Z80="","",IF(Y80="檢退","檢退",IF(Y80="審查同意","審定","檢退"))) -> 審定 | AC80: 45810 | AD80: 水北多字第11453056870號 | AE80: =IF(AC80="","",IF(AB80="檢退","請修正",IF(AB80="請備查","備查",IF(AB80="審定","核定","請修正")))) -> 核定
S81: 核定 | T81: 1-A | U81: 45926 | V81: 鼎水資字第1140001053號 | W81: 45939 | X81: 艾奕康新竹海淡監字第1141009-3號 | Y81: 審查同意 | Z81: 45944 | AA81: 艾奕康水字第1140029767號 | AB81: =IF(Z81="","",IF(Y81="檢退","檢退",IF(Y81="審查同意","審定","檢退"))) -> 審定 | AC81: 45952 | AD81: 水北多字第11453113390號 | AE81: =IF(AC81="","",IF(AB81="檢退","請修正",IF(AB81="請備查","備查",IF(AB81="審定","核定","請修正")))) -> 核定
E82: 41 | F82: S-SB01-006 | H82: 140kgf/cm2預拌混凝土 | I82: CW | J82: 土木 | K82: 03310 結構用混凝土 | M82: 康地 | N82: =IF(P82="","",P82-60) -> 45793 | O82: =IF(P82="","",P82-30) -> 45823 | P82: 45853 | Q82: =IF(N82="","",IF(U82<>"","",IF(AND(U82="",N82-TODAY()<=60),N82-TODAY(),""))) | R82: =IF(AND(ISNUMBER(N82),ISNUMBER(U82)),N82-U82,"") -> -5 | T82: 1-A | U82: 45798 | V82: 鼎水資字第 1140000467 號 | W82: 45803 | X82: 艾奕康新竹海淡監字第1140526-2 號 | Y82: 審查同意 | Z82: 45805 | AA82: 艾奕康水字第1140016840號 | AB82: =IF(Z82="","",IF(Y82="檢退","檢退",IF(Y82="審查同意","審定","檢退"))) -> 審定 | AC82: 45810 | AD82: 水北多字第11453056870號 | AE82: =IF(AC82="","",IF(AB82="檢退","請修正",IF(AB82="請備查","備查",IF(AB82="審定","核定","請修正")))) -> 核定
S83: 核定 | T83: 2-A | U83: 45926 | V83: 鼎水資字第1140001054號 | W83: 45939 | X83: 艾奕康新竹海淡監字第1141009-2 號 | Y83: 審查同意 | Z83: 45944 | AA83: 艾奕康水字第1140029766號 | AB83: =IF(Z83="","",IF(Y83="檢退","檢退",IF(Y83="審查同意","審定","檢退"))) -> 審定 | AC83: 45953 | AD83: 水北多字第11453113400號 | AE83: =IF(AC83="","",IF(AB83="檢退","請修正",IF(AB83="請備查","備查",IF(AB83="審定","核定","請修正")))) -> 核定
E84: 42 | F84: S-SB01-006 | H84: 210kgf/cm2預拌混凝土 | I84: CW | J84: 土木 | K84: 03310 結構用混凝土 | M84: 康地 | N84: =IF(P84="","",P84-60) -> 45793 | O84: =IF(P84="","",P84-30) -> 45823 | P84: 45853 | Q84: =IF(N84="","",IF(U84<>"","",IF(AND(U84="",N84-TODAY()<=60),N84-TODAY(),""))) | R84: =IF(AND(ISNUMBER(N84),ISNUMBER(U84)),N84-U84,"") -> -5 | T84: 1-A | U84: 45798 | V84: 鼎水資字第 1140000467 號 | W84: 45803 | X84: 艾奕康新竹海淡監字第1140526-2 號 | Y84: 審查同意 | Z84: 45805 | AA84: 艾奕康水字第1140016840號 | AB84: =IF(Z84="","",IF(Y84="檢退","檢退",IF(Y84="審查同意","審定","檢退"))) -> 審定 | AC84: 45810 | AD84: 水北多字第11453056870號 | AE84: =IF(AC84="","",IF(AB84="檢退","請修正",IF(AB84="請備查","備查",IF(AB84="審定","核定","請修正")))) -> 核定
S85: 核定 | T85: 2-A | U85: 45926 | V85: 鼎水資字第1140001054號 | W85: 45939 | X85: 艾奕康新竹海淡監字第1141009-2 號 | Y85: 審查同意 | Z85: 45944 | AA85: 艾奕康水字第1140029766號 | AB85: =IF(Z85="","",IF(Y85="檢退","檢退",IF(Y85="審查同意","審定","檢退"))) -> 審定 | AC85: 45953 | AD85: 水北多字第11453113400號 | AE85: =IF(AC85="","",IF(AB85="檢退","請修正",IF(AB85="請備查","備查",IF(AB85="審定","核定","請修正")))) -> 核定
E86: 43 | F86: S-SB01-006 | H86: 280kgf/cm2預拌混凝土 | I86: CW | J86: 土木 | K86: 03310 結構用混凝土 | M86: 康地 | N86: =IF(P86="","",P86-60) -> 45793 | O86: =IF(P86="","",P86-30) -> 45823 | P86: 45853 | Q86: =IF(N86="","",IF(U86<>"","",IF(AND(U86="",N86-TODAY()<=60),N86-TODAY(),""))) | R86: =IF(AND(ISNUMBER(N86),ISNUMBER(U86)),N86-U86,"") -> -5 | T86: 1-A | U86: 45798 | V86: 鼎水資字第 1140000467 號 | W86: 45803 | X86: 艾奕康新竹海淡監字第1140526-2 號 | Y86: 審查同意 | Z86: 45805 | AA86: 艾奕康水字第1140016840號 | AB86: =IF(Z86="","",IF(Y86="檢退","檢退",IF(Y86="審查同意","審定","檢退"))) -> 審定 | AC86: 45810 | AD86: 水北多字第11453056870號 | AE86: =IF(AC86="","",IF(AB86="檢退","請修正",IF(AB86="請備查","備查",IF(AB86="審定","核定","請修正")))) -> 核定
S87: 核定 | T87: 2-A | U87: 45926 | V87: 鼎水資字第1140001054號 | W87: 45939 | X87: 艾奕康新竹海淡監字第1141009-2 號 | Y87: 審查同意 | Z87: 45944 | AA87: 艾奕康水字第1140029766號 | AB87: =IF(Z87="","",IF(Y87="檢退","檢退",IF(Y87="審查同意","審定","檢退"))) -> 審定 | AC87: 45953 | AD87: 水北多字第11453113400號 | AE87: =IF(AC87="","",IF(AB87="檢退","請修正",IF(AB87="請備查","備查",IF(AB87="審定","核定","請修正")))) -> 核定
E88: 44 | F88: S-SB01-006 | H88: 350kgf/cm2預拌混凝土 | I88: CW | J88: 土木 | K88: 03310 結構用混凝土 | M88: 康地 | N88: =IF(P88="","",P88-60) -> 45793 | O88: =IF(P88="","",P88-30) -> 45823 | P88: 45853 | Q88: =IF(N88="","",IF(U88<>"","",IF(AND(U88="",N88-TODAY()<=60),N88-TODAY(),""))) | R88: =IF(AND(ISNUMBER(N88),ISNUMBER(U88)),N88-U88,"") -> -5 | T88: 1-A | U88: 45798 | V88: 鼎水資字第 1140000467 號 | W88: 45803 | X88: 艾奕康新竹海淡監字第1140526-2 號 | Y88: 審查同意 | Z88: 45805 | AA88: 艾奕康水字第1140016840號 | AB88: =IF(Z88="","",IF(Y88="檢退","檢退",IF(Y88="審查同意","審定","檢退"))) -> 審定 | AC88: 45810 | AD88: 水北多字第11453056870號 | AE88: =IF(AC88="","",IF(AB88="檢退","請修正",IF(AB88="請備查","備查",IF(AB88="審定","核定","請修正")))) -> 核定
S89: 核定 | T89: 2-A | U89: 45926 | V89: 鼎水資字第1140001054號 | W89: 45939 | X89: 艾奕康新竹海淡監字第1141009-2 號 | Y89: 審查同意 | Z89: 45944 | AA89: 艾奕康水字第1140029766號 | AB89: =IF(Z89="","",IF(Y89="檢退","檢退",IF(Y89="審查同意","審定","檢退"))) -> 審定 | AC89: 45953 | AD89: 水北多字第11453113400號 | AE89: =IF(AC89="","",IF(AB89="檢退","請修正",IF(AB89="請備查","備查",IF(AB89="審定","核定","請修正")))) -> 核定
E90: 45 | F90: S-SB01-006 | H90: 280kgf/cm2巨積混凝土 | I90: CW | J90: 土木 | K90: 03310 結構用混凝土 | M90: 康地 | N90: =IF(P90="","",P90-60) -> 45793 | O90: =IF(P90="","",P90-30) -> 45823 | P90: 45853 | Q90: =IF(N90="","",IF(U90<>"","",IF(AND(U90="",N90-TODAY()<=60),N90-TODAY(),""))) | R90: =IF(AND(ISNUMBER(N90),ISNUMBER(U90)),N90-U90,"") -> -5 | T90: 1-A | U90: 45798 | V90: 鼎水資字第 1140000467 號 | W90: 45803 | X90: 艾奕康新竹海淡監字第1140526-2 號 | Y90: 審查同意 | Z90: 45805 | AA90: 艾奕康水字第1140016840號 | AB90: =IF(Z90="","",IF(Y90="檢退","檢退",IF(Y90="審查同意","審定","檢退"))) -> 審定 | AC90: 45810 | AD90: 水北多字第11453056870號 | AE90: =IF(AC90="","",IF(AB90="檢退","請修正",IF(AB90="請備查","備查",IF(AB90="審定","核定","請修正")))) -> 核定
S91: 核定 | T91: 2-A | U91: 45926 | V91: 鼎水資字第1140001054號 | W91: 45939 | X91: 艾奕康新竹海淡監字第1141009-2 號 | Y91: 審查同意 | Z91: 45944 | AA91: 艾奕康水字第1140029766號 | AB91: =IF(Z91="","",IF(Y91="檢退","檢退",IF(Y91="審查同意","審定","檢退"))) -> 審定 | AC91: 45953 | AD91: 水北多字第11453113400號 | AE91: =IF(AC91="","",IF(AB91="檢退","請修正",IF(AB91="請備查","備查",IF(AB91="審定","核定","請修正")))) -> 核定
E92: 46 | F92: S-SB01-006 | H92: 350kgf/cm2巨積混凝土 | I92: CW | J92: 土木 | K92: 03310 結構用混凝土 | M92: 康地 | N92: =IF(P92="","",P92-60) -> 45793 | O92: =IF(P92="","",P92-30) -> 45823 | P92: 45853 | Q92: =IF(N92="","",IF(U92<>"","",IF(AND(U92="",N92-TODAY()<=60),N92-TODAY(),""))) | R92: =IF(AND(ISNUMBER(N92),ISNUMBER(U92)),N92-U92,"") -> -5 | T92: 1-A | U92: 45798 | V92: 鼎水資字第 1140000467 號 | W92: 45803 | X92: 艾奕康新竹海淡監字第1140526-2 號 | Y92: 審查同意 | Z92: 45805 | AA92: 艾奕康水字第1140016840號 | AB92: =IF(Z92="","",IF(Y92="檢退","檢退",IF(Y92="審查同意","審定","檢退"))) -> 審定 | AC92: 45810 | AD92: 水北多字第11453056870號 | AE92: =IF(AC92="","",IF(AB92="檢退","請修正",IF(AB92="請備查","備查",IF(AB92="審定","核定","請修正")))) -> 核定
S93: 核定 | T93: 2-A | U93: 45926 | V93: 鼎水資字第1140001054號 | W93: 45939 | X93: 艾奕康新竹海淡監字第1141009-2 號 | Y93: 審查同意 | Z93: 45944 | AA93: 艾奕康水字第1140029766號 | AB93: =IF(Z93="","",IF(Y93="檢退","檢退",IF(Y93="審查同意","審定","檢退"))) -> 審定 | AC93: 45953 | AD93: 水北多字第11453113400號 | AE93: =IF(AC93="","",IF(AB93="檢退","請修正",IF(AB93="請備查","備查",IF(AB93="審定","核定","請修正")))) -> 核定
E94: 47 | F94: S-SB45-29 | H94: 20~50kgf/cm2 控制性低強度回填材料 | I94: CW | J94: 土木 | K94: 03377 控制控制性低強度回填材料(CLSM) | M94: 泰欣 | N94: =IF(P94="","",P94-60) | O94: =IF(P94="","",P94-30) | Q94: =IF(N94="","",IF(U94<>"","",IF(AND(U94="",N94-TODAY()<=60),N94-TODAY(),""))) | R94: =IF(AND(ISNUMBER(N94),ISNUMBER(U94)),N94-U94,"") | T94: 0-A | U94: 114/11/20 | V94: 鼎水資字第1140001371號 | W94: 45996 | X94: 艾奕康水字第1140033311號 | Y94: 檢退-限12/08 | AB94: =IF(Z94="","",IF(Y94="檢退","檢退",IF(Y94="審查同意","審定","檢退"))) | AE94: =IF(AC94="","",IF(AB94="檢退","請修正",IF(AB94="請備查","備查",IF(AB94="審定","核定","請修正"))))
Q95: =IF(N95="","",IF(U95<>"","",IF(AND(U95="",N95-TODAY()<=60),N95-TODAY(),""))) | R95: =IF(AND(ISNUMBER(N95),ISNUMBER(U95)),N95-U95,"") | S95: 核定 | T95: 0-B | U95: 114/12/8 | V95: 鼎水資字第1140001463號 | W95: 46003 | X95: 艾奕康水字第1140034905號 | Y95: 審查同意 | Z95: 46007 | AA95: 艾奕康水字第1140035294號 | AB95: =IF(Z95="","",IF(Y95="檢退","檢退",IF(Y95="審查同意","審定","檢退"))) -> 審定 | AC95: 46022 | AD95: 水北多字第11422046940號 | AE95: =IF(AC95="","",IF(AB95="檢退","請修正",IF(AB95="請備查","備查",IF(AB95="審定","核定","請修正")))) -> 核定
E96: 48 | F96: S-SB45-29 | H96: 50~90kgf/cm2 控制性低強度回填材料 | I96: CW | J96: 土木 | K96: 03377 控制控制性低強度回填材料(CLSM) | M96: 泰欣 | N96: =IF(P96="","",P96-60) | O96: =IF(P96="","",P96-30) | Q96: =IF(N96="","",IF(U96<>"","",IF(AND(U96="",N96-TODAY()<=60),N96-TODAY(),""))) | R96: =IF(AND(ISNUMBER(N96),ISNUMBER(U96)),N96-U96,"") | T96: 0-A | U96: 114/11/20 | V96: 鼎水資字第1140001371號 | W96: 45996 | X96: 艾奕康水字第1140033311號 | Y96: 檢退-限12/08 | AB96: =IF(Z96="","",IF(Y96="檢退","檢退",IF(Y96="審查同意","審定","檢退"))) | AE96: =IF(AC96="","",IF(AB96="檢退","請修正",IF(AB96="請備查","備查",IF(AB96="審定","核定","請修正"))))
Q97: =IF(N97="","",IF(U97<>"","",IF(AND(U97="",N97-TODAY()<=60),N97-TODAY(),""))) | R97: =IF(AND(ISNUMBER(N97),ISNUMBER(U97)),N97-U97,"") | S97: 核定 | T97: 0-B | U97: 114/12/8 | V97: 鼎水資字第1140001463號 | W97: 46003 | X97: 艾奕康水字第1140034905號 | Y97: 審查同意 | Z97: 46007 | AA97: 艾奕康水字第1140035294號 | AB97: =IF(Z97="","",IF(Y97="檢退","檢退",IF(Y97="審查同意","審定","檢退"))) -> 審定 | AC97: 46022 | AD97: 水北多字第11422046940號 | AE97: =IF(AC97="","",IF(AB97="檢退","請修正",IF(AB97="請備查","備查",IF(AB97="審定","核定","請修正")))) -> 核定
E98: 49 | F98: S-SB69-053 | H98: 20~50kgf/cm2 控制性低強度回填材料 | I98: CW | J98: 土木 | K98: 03377 控制控制性低強度回填材料(CLSM) | M98: 上禹 | N98: =IF(P98="","",P98-60) | O98: =IF(P98="","",P98-30) | Q98: =IF(N98="","",IF(U98<>"","",IF(AND(U98="",N98-TODAY()<=60),N98-TODAY(),""))) | R98: =IF(AND(ISNUMBER(N98),ISNUMBER(U98)),N98-U98,"") | S98: 核定 | T98: 0-A | U98: 115/3/30 | V98: 鼎水資字第1150000525號 | W98: 115/4/22 | X98: 艾奕康水字第1150008630號 | Y98: 審查同意 | Z98: 115/4/22 | AA98: 艾奕康水字第1150008630號 | AB98: =IF(Z98="","",IF(Y98="檢退","檢退",IF(Y98="審查同意","審定","檢退"))) -> 審定 | AC98: 115/5/7 | AD98: 水北多字第11522022980號 | AE98: =IF(AC98="","",IF(AB98="檢退","請修正",IF(AB98="請備查","備查",IF(AB98="審定","核定","請修正")))) -> 核定
Q99: =IF(N99="","",IF(U99<>"","",IF(AND(U99="",N99-TODAY()<=60),N99-TODAY(),""))) | R99: =IF(AND(ISNUMBER(N99),ISNUMBER(U99)),N99-U99,"") | T99: 0-B
E100: 50 | F100: S-SB69-053 | H100: 50~90kgf/cm2 控制性低強度回填材料 | I100: CW | J100: 土木 | K100: 03377 控制控制性低強度回填材料(CLSM) | M100: 上禹 | N100: =IF(P100="","",P100-60) | O100: =IF(P100="","",P100-30) | Q100: =IF(N100="","",IF(U100<>"","",IF(AND(U100="",N100-TODAY()<=60),N100-TODAY(),""))) | R100: =IF(AND(ISNUMBER(N100),ISNUMBER(U100)),N100-U100,"") | S100: 核定 | T100: 0-A | U100: 115/3/30 | V100: 鼎水資字第1150000525號 | W100: 115/4/22 | X100: 艾奕康水字第1150008630號 | Y100: 審查同意 | Z100: 115/4/22 | AA100: 艾奕康水字第1150008630號 | AB100: =IF(Z100="","",IF(Y100="檢退","檢退",IF(Y100="審查同意","審定","檢退"))) -> 審定 | AC100: 115/5/7 | AD100: 水北多字第11522022980號 | AE100: =IF(AC100="","",IF(AB100="檢退","請修正",IF(AB100="請備查","備查",IF(AB100="審定","核定","請修正")))) -> 核定
...

Sheet 10-3取排水(宏華)
A2: 項次 | B2: 編碼 | C2: 文件 | D2: 預定送審 (進場前60天) | E2: 預定廠驗 (進場前30天) | F2: 類別 | G2: 規範 | H2: 圖面 | I2: 廠商 | J2: 預定進場 | K2: 送審預警天數(60天內才顯示) | L2: 送審延遲 | M2: 程序 | N2: 版次 | O2: 審查情形 | Z2: 備註
K3: 辦理預警 | O3: 統包商 | Q3: 監造 | T3: 專管 | W3: 機關(北水分署)
O4: 日期 | P4: 文號 | Q4: 日期 | R4: 文號 | S4: 結果 | T4: 日期 | U4: 文號 | V4: 結果 | W4: 日期 | X4: 文號 | Y4: 結果
A5: 1 | B5: S-SB31-015 | C5: 塊石及礫石材料-國正 | D5: =IF(J5="","",J5-60) -> 45912 | E5: =IF(J5="","",J5-30) -> 45942 | G5: 施工規範第02381章 | H5: B-002089-HHC-MW-019-DD-142、242 | I5: 國正工程 | J5: 45972 | K5: =IF(D5="","",IF(O5<>"","",IF(AND(O5="",D5-TODAY()<=60),D5-TODAY(),""))) | L5: =IF(COUNT(D5, O5)=2, D5-O5, "") -> 25 | N5: 0-A | O5: 45887 | P5: 宏海淡工字第114081102號 | Q5: 45897 | R5: 艾奕康水字第1140021973號 | S5: 檢退 | V5: =IF(T5="","",IF(S5="檢退","檢退",IF(S5="審查同意","審定","檢退")))
D6: =Q5+7 -> 45904 | K6: =IF(D6="","",IF(O6<>"","",IF(AND(O6="",D6-TODAY()<=60),D6-TODAY(),""))) | L6: =IF(COUNT(D6, O6)=2, D6-O6, "") -> -12 | M6: 核定 | N6: 0-B | O6: 45916 | P6: 宏海淡工字第114091106號 | Q6: 45919 | R6: 艾奕康新竹海淡監字第1140919-3 號 | S6: 審查同意 | T6: 45926 | U6: 艾奕康水字第1140028399號 | V6: 審定 | W6: 45931 | X6: 水北多字第11453107360號 | Y6: 核定
K7: =IF(D7="","",IF(O7<>"","",IF(AND(O7="",D7-TODAY()<=60),D7-TODAY(),""))) | L7: =IF(COUNT(D7, O7)=2, D7-O7, "")
A8: =A5+1 -> 2 | B8: S-SB25-008 | C8: HDPE管-大地昌 | D8: =IF(J8="","",J8-60) -> 45810 | E8: =IF(J8="","",J8-30) -> 45840 | G8: 施工規範第15226章 | I8: 大地昌 | J8: 45870 | K8: =IF(D8="","",IF(O8<>"","",IF(AND(O8="",D8-TODAY()<=60),D8-TODAY(),""))) | L8: =IF(COUNT(D8, O8)=2, D8-O8, "") -> -11 | N8: 0-A | O8: 45821 | P8: 宏海淡工字第114061102號 | Q8: 45834 | R8: 艾奕康水字 第1140016974號 | S8: 審退 | V8: =IF(T8="","",IF(S8="檢退","檢退",IF(S8="審查同意","審定","檢退")))
K9: =IF(D9="","",IF(O9<>"","",IF(AND(O9="",D9-TODAY()<=60),D9-TODAY(),""))) | L9: =IF(COUNT(D9, O9)=2, D9-O9, "") | M9: 核定 | N9: 0-B | O9: 45839 | P9: 宏海淡工字 第114071101號 | Q9: 45848 | R9: 艾奕康新竹海淡監字第1140710-3 號 | S9: 審查同意 | T9: 45852 | U9: 艾奕康水字第1140021290號 | V9: =IF(T9="","",IF(S9="檢退","檢退",IF(S9="審查同意","審定","檢退"))) -> 審定 | W9: 45862 | X9: 水北多字第11422023610號 | Y9: 核定
L10: =IF(COUNT(D10, O10)=2, D10-O10, "")
A11: =A8+1 -> 3 | B11: S-SB26-009 | C11: HDPE管法蘭片 | D11: =IF(J11="","",J11-60) -> 45902 | E11: =IF(J11="","",J11-30) -> 45932 | G11: 施工規範第15226章 | I11: 三永裕 | J11: 45962 | K11: =IF(D11="","",IF(O11<>"","",IF(AND(O11="",D11-TODAY()<=60),D11-TODAY(),""))) | L11: =IF(COUNT(D11, O11)=2, D11-O11, "") -> 1 | N11: 0-A | O11: 45901 | P11: 宏海淡工字第114091101號 | Q11: 45909 | R11: 艾奕康水字第1140025014號 | S11: 檢退-限9/16提送 | V11: =IF(T11="","",IF(S11="檢退","檢退",IF(S11="審查同意","審定","檢退")))
D12: 45916 | K12: =IF(D12="","",IF(O12<>"","",IF(AND(O12="",D12-TODAY()<=60),D12-TODAY(),""))) | L12: =IF(COUNT(D12, O12)=2, D12-O12, "") -> 0 | N12: 0-B | O12: 45916 | P12: 宏海淡工字第114091107號 | Q12: 45919 | R12: 艾奕康水字第1140025040號 | S12: 檢退 | V12: =IF(T12="","",IF(S12="檢退","檢退",IF(S12="審查同意","審定","檢退")))
D13: =Q11+7 -> 45916 | K13: =IF(D13="","",IF(O13<>"","",IF(AND(O13="",D13-TODAY()<=60),D13-TODAY(),""))) | L13: =IF(COUNT(D13, O13)=2, D13-O13, "") -> -27 | N13: 0-C | O13: 45943 | P13: 宏海淡工字第114101105號 | Q13: 45947 | R13: 艾奕康新竹海淡監字第1141017-1號 | S13: 審查同意 | T13: 45953 | U13: 艾奕康水字第1140030745號 | V13: =IF(T13="","",IF(S13="檢退","檢退",IF(S13="審查同意","審定","檢退"))) -> 審定 | W13: 45965 | X13: 水北多字第11422037820號
K14: =IF(D14="","",IF(O14<>"","",IF(AND(O14="",D14-TODAY()<=60),D14-TODAY(),""))) | L14: =IF(COUNT(D14, O14)=2, D14-O14, "") | M14: 核定 | N14: 1-A | O14: 45988 | P14: 宏海淡工字第114111111號 | Q14: 46007 | R14: 艾奕康水字第1140032702號 | S14: 審查同意 | T14: 46009 | U14: 艾奕康水字第1140035494號 | V14: =IF(T14="","",IF(S14="檢退","檢退",IF(S14="審查同意","審定","檢退"))) -> 審定 | W14: 46020 | X14: 水北多字第11453141120號 | Y14: 核定
A15: =A11+1 -> 4 | B15: S-SB27-010 | C15: EPDM橡膠 | D15: =IF(J15="","",J15-60) -> 45902 | E15: =IF(J15="","",J15-30) -> 45932 | G15: 施工規範第15226章 | I15: 春發科技 | J15: 45962 | K15: =IF(D15="","",IF(O15<>"","",IF(AND(O15="",D15-TODAY()<=60),D15-TODAY(),""))) | L15: =IF(COUNT(D15, O15)=2, D15-O15, "") -> -14 | N15: 0-A | O15: 45916 | P15: 宏海淡工字第114091108號 | Q15: 45922 | R15: 艾奕康水字第1140027442號 | S15: 檢退 | V15: =IF(T15="","",IF(S15="檢退","檢退",IF(S15="審查同意","審定","檢退")))
D16: =Q15+7 -> 45929 | K16: =IF(D16="","",IF(O16<>"","",IF(AND(O16="",D16-TODAY()<=60),D16-TODAY(),""))) | L16: =IF(COUNT(D16, O16)=2, D16-O16, "") -> -42 | M16: 核定 | N16: 0-B | O16: 45971 | P16: 宏海淡工字第11411105號 | Q16: 45974 | R16: 艾奕康新竹海淡監字第1141113-2 | S16: 審查同意 | T16: 45980 | U16: 艾奕康水字第1140033044號 | V16: =IF(T16="","",IF(S16="檢退","檢退",IF(S16="審查同意","審定","檢退"))) -> 審定 | W16: 45999 | X16: 水北多字第11422043110號 | Y16: 核定
K17: =IF(D17="","",IF(O17<>"","",IF(AND(O17="",D17-TODAY()<=60),D17-TODAY(),""))) | L17: =IF(COUNT(D17, O17)=2, D17-O17, "") | V17: =IF(T17="","",IF(S17="檢退","檢退",IF(S17="審查同意","審定","檢退")))
A18: =A15+1 -> 5 | B18: S-SB35-019 | C18: 礫石材料送審與供料商一新寮山石礦 | D18: =IF(J18="","",J18-60) | E18: =IF(J18="","",J18-30) | G18: 施工規範第02381章 | H18: B-002089-HHC-MW-019-DD-142、242 | I18: 新寮山 | K18: =IF(D18="","",IF(O18<>"","",IF(AND(O18="",D18-TODAY()<=60),D18-TODAY(),""))) | L18: =IF(COUNT(D18, O18)=2, D18-O18, "") | M18: 核定 | N18: 0-A | O18: 45943 | P18: 宏海淡工字第114101106號 | Q18: 45947 | R18: 艾奕康新竹海淡監字第1141017-2號 | S18: 審查同意 | T18: 45953 | U18: 艾奕康水字第1140030743號 | V18: =IF(T18="","",IF(S18="檢退","檢退",IF(S18="審查同意","審定","檢退"))) -> 審定 | W18: 45960 | X18: 水北多字第11453117090號 | Y18: 核定
K19: =IF(D19="","",IF(O19<>"","",IF(AND(O19="",D19-TODAY()<=60),D19-TODAY(),""))) | L19: =IF(COUNT(D19, O19)=2, D19-O19, "")
K20: =IF(D20="","",IF(O20<>"","",IF(AND(O20="",D20-TODAY()<=60),D20-TODAY(),""))) | L20: =IF(COUNT(D20, O20)=2, D20-O20, "") | V20: =IF(T20="","",IF(S20="檢退","檢退",IF(S20="審查同意","審定","檢退")))
A21: =A18+1 -> 6 | B21: S-SB64-048 | C21: 取排水-GFRP 管-達塑 | I21: 達塑工程 | K21: =IF(D21="","",IF(O21<>"","",IF(AND(O21="",D21-TODAY()<=60),D21-TODAY(),""))) | L21: =IF(COUNT(D21, O21)=2, D21-O21, "") | N21: 0-A | O21: 115/3/6 | P21: 宏華海淡工字第 115031111號 | Q21: 115/3/25 | R21: 艾奕康水字第1150004704號 | S21: 檢退
K22: =IF(D22="","",IF(O22<>"","",IF(AND(O22="",D22-TODAY()<=60),D22-TODAY(),""))) | L22: =IF(COUNT(D22, O22)=2, D22-O22, "") | M22: 審查 | N22: 0-B | O22: 115/3/27 | P22: 宏海淡工字第115031125號 | V22: =IF(T22="","",IF(S22="檢退","檢退",IF(S22="審查同意","審定","檢退")))
K23: =IF(D23="","",IF(O23<>"","",IF(AND(O23="",D23-TODAY()<=60),D23-TODAY(),""))) | L23: =IF(COUNT(D23, O23)=2, D23-O23, "") | N23: 0-C | V23: =IF(T23="","",IF(S23="檢退","檢退",IF(S23="審查同意","審定","檢退")))
A24: =A21+1 -> 7 | B24: S-SB56-040 | C24: 取水頭-鋼製構件廠商-新樺鋼鐵 | G24: 施工規範第05122章 | I24: 新樺鋼鐵 | K24: =IF(D24="","",IF(O24<>"","",IF(AND(O24="",D24-TODAY()<=60),D24-TODAY(),""))) | L24: =IF(COUNT(D24, O24)=2, D24-O24, "") | M24: 核定 | N24: 0-A | O24: 46057 | P24: 宏海淡工字第115021101號 | Q24: 46059 | R24: 艾奕康水字第1150002561號 | S24: 審查同意 | T24: 46062 | U24: 艾奕康水字第1150003976號 | V24: 審定 | W24: 46062 | X24: 水北多字第11553016390號 | Y24: 核定
K25: =IF(D25="","",IF(O25<>"","",IF(AND(O25="",D25-TODAY()<=60),D25-TODAY(),""))) | L25: =IF(COUNT(D25, O25)=2, D25-O25, "") | N25: 0-B | V25: =IF(T25="","",IF(S25="檢退","檢退",IF(S25="審查同意","審定","檢退")))
K26: =IF(D26="","",IF(O26<>"","",IF(AND(O26="",D26-TODAY()<=60),D26-TODAY(),""))) | L26: =IF(COUNT(D26, O26)=2, D26-O26, "") | N26: 0-C | V26: =IF(T26="","",IF(S26="檢退","檢退",IF(S26="審查同意","審定","檢退")))
A27: =A24+1 -> 8 | B27: S-SB59-043 | C27: 取水頭-鋼管樁廠商-遠東鋼鐵 | G27: 施工規範第02460章 | I27: 遠東機械 | K27: =IF(D27="","",IF(O27<>"","",IF(AND(O27="",D27-TODAY()<=60),D27-TODAY(),""))) | L27: =IF(COUNT(D27, O27)=2, D27-O27, "") | M27: 審查 | N27: 0-A | O27: 115/3/6 | P27: 宏華海淡工字第 115031111號 | Q27: 115/3/25 | R27: 艾奕康水字第1150004704號 | S27: 審查同意
K28: =IF(D28="","",IF(O28<>"","",IF(AND(O28="",D28-TODAY()<=60),D28-TODAY(),""))) | L28: =IF(COUNT(D28, O28)=2, D28-O28, "") | N28: 0-B | V28: =IF(T28="","",IF(S28="檢退","檢退",IF(S28="審查同意","審定","檢退")))
K29: =IF(D29="","",IF(O29<>"","",IF(AND(O29="",D29-TODAY()<=60),D29-TODAY(),""))) | L29: =IF(COUNT(D29, O29)=2, D29-O29, "") | N29: 0-C | V29: =IF(T29="","",IF(S29="檢退","檢退",IF(S29="審查同意","審定","檢退")))
A30: =A27+1 -> 9 | B30: S-SB70-054 | C30: 取排水-海上警示燈浮 | K30: =IF(D30="","",IF(O30<>"","",IF(AND(O30="",D30-TODAY()<=60),D30-TODAY(),""))) | L30: =IF(COUNT(D30, O30)=2, D30-O30, "") | M30: 審查 | N30: 0-A | O30: 115/4/2 | P30: 宏海淡工字第115041102A號
K31: =IF(D31="","",IF(O31<>"","",IF(AND(O31="",D31-TODAY()<=60),D31-TODAY(),""))) | L31: =IF(COUNT(D31, O31)=2, D31-O31, "") | N31: 0-B | O31: 115/5/20 | P31: 宏海淡工字第115051112A號 | V31: =IF(T31="","",IF(S31="檢退","檢退",IF(S31="審查同意","審定","檢退")))
K32: =IF(D32="","",IF(O32<>"","",IF(AND(O32="",D32-TODAY()<=60),D32-TODAY(),""))) | L32: =IF(COUNT(D32, O32)=2, D32-O32, "") | N32: 0-C | V32: =IF(T32="","",IF(S32="檢退","檢退",IF(S32="審查同意","審定","檢退")))
A33: =A30+1 -> 10 | B33: S-SB68-052 | C33: 取排水-鋁陽極塊 | G33: 施工規範第05122章 | H33: B-002089-HHC-MW-019-DD-741取水頭犧牲陽極塊配置圖 | I33: 臺陽合金 | K33: =IF(D33="","",IF(O33<>"","",IF(AND(O33="",D33-TODAY()<=60),D33-TODAY(),""))) | L33: =IF(COUNT(D33, O33)=2, D33-O33, "") | M33: 審查 | N33: 0-A | O33: 115/3/27 | P33: 宏海淡工字第115031124號
K34: =IF(D34="","",IF(O34<>"","",IF(AND(O34="",D34-TODAY()<=60),D34-TODAY(),""))) | L34: =IF(COUNT(D34, O34)=2, D34-O34, "") | N34: 0-B | V34: =IF(T34="","",IF(S34="檢退","檢退",IF(S34="審查同意","審定","檢退")))
K35: =IF(D35="","",IF(O35<>"","",IF(AND(O35="",D35-TODAY()<=60),D35-TODAY(),""))) | L35: =IF(COUNT(D35, O35)=2, D35-O35, "") | N35: 0-C | V35: =IF(T35="","",IF(S35="檢退","檢退",IF(S35="審查同意","審定","檢退")))
B37: 取排水管線
B38: 應送審 | C38: =COUNTA(C5:C35) -> 10
B39: 未送審 | C39: =C38-C40-C41-C42 -> 0
B40: 已核定 | C40: =COUNTIF(M5:M35,"核定") -> 6
B41: 審查中 | C41: =COUNTIF(M5:M35,"審查") -> 4
B42: 修正中 | C42: =COUNTIF(M5:M35,"修正") -> 0

Sheet 10-4 建築裝修
C1: 新竹海水淡化廠興建及操作維護(興建部分) 材料設備送審管制總表
A2: 窗口負責人 | B2: 品管現用版本項次 | C2: 項次 | D2: 編碼 | E2: English | F2: 文件 | G2: 類別 | H2: 規範 | I2: 圖面 | J2: 廠商 | K2: 預定送審 (進場前60天) | L2: 預定廠驗 (進場前30天) | M2: 預定進場 | N2: 送審預警天數(60天內才顯示) | O2: 送審延遲 | P2: 程序 | Q2: 版次 | R2: 審查情形 | AC2: 備註
N3: 辦理預警 | R3: 統包商 | T3: 監造 | W3: 專管 | Z3: 機關(北水分署)
R4: 日期 | S4: 文號 | T4: 日期 | U4: 文號 | V4: 結果 | W4: 日期 | X4: 文號 | Y4: 結果 | Z4: 日期 | AA4: 文號 | AB4: 結果
C5: 1 | D5: S-SB53-037 | F5: 中空水泥板 | G5: 牆體/板材 | H5: 施工規範第02231 章 | I5: B-002089-NEW-AR-000-DL-013建築標準圖(13)中空水泥板 | J5: 前德實業 | K5: =IF(M5="","",M5-60) -> 46234 | L5: =IF(M5="","",M5-30) -> 46264 | M5: 46294 | N5: =IF(K5="","",IF(R5<>"","",IF(AND(R5="",K5-TODAY()<=60),K5-TODAY(),""))) | O5: =IF(AND(ISNUMBER(K5),ISNUMBER(R5)),K5-R5,"") -> 171 | P5: 核定 | Q5: 0-A | R5: 46063 | S5: 鼎水資字第1150000246號 | T5: 46097 | U5: 艾奕康水字第1150004920號 | V5: 審查同意 | W5: 46097 | X5: 艾奕康水字第1150004920號 | Y5: 審定 | Z5: 115/3/27 | AA5: 水北多字第11522014750號 | AB5: 核定
N6: =IF(K6="","",IF(R6<>"","",IF(AND(R6="",K6-TODAY()<=60),K6-TODAY(),""))) | O6: =IF(AND(ISNUMBER(K6),ISNUMBER(R6)),K6-R6,"")
N7: =IF(K7="","",IF(R7<>"","",IF(AND(R7="",K7-TODAY()<=60),K7-TODAY(),""))) | O7: =IF(AND(ISNUMBER(K7),ISNUMBER(R7)),K7-R7,"")
C8: 2 | F8: 標誌及標線 | G8: 收尾工程 | H8: 02891標誌 | K8: =IF(M8="","",M8-60) -> 46265 | L8: =IF(M8="","",M8-30) -> 46295 | M8: 46325
C11: 3 | F11: 鍍鋅鋼管可拆式欄杆/圍籬 | G11: 欄杆/踏步 | H11: 第05520章扶手及欄杆 | I11: B-002089-NEW-AR-000-DL-006 建築標準圖(6)-活動護欄/圍籬 | K11: =IF(M11="","",M11-60) -> 46173 | L11: =IF(M11="","",M11-30) -> 46203 | M11: 46233
C14: =C11+1 -> 4 | D14: S-SB52-036 | F14: FRP格柵及欄杆 | G14: 欄杆/踏步 | H14: 第05530-2章玻璃纖維強化塑膠蓋板 | I14: B-002089-NEW-AR-000-DL-007 建築標準圖(7)-蓋板 | J14: 艾柏克科技 | K14: =IF(M14="","",M14-60) -> 46204 | L14: =IF(M14="","",M14-30) -> 46234 | M14: 46264 | P14: 核定 | Q14: 0-A | R14: 46021 | S14: 鼎水資字第1140001579號 | T14: 46041 | U14: 艾奕康水字第1150002277號 | V14: 審查同意 | W14: 46041 | X14: 艾奕康水字第1150002277號 | Y14: 審查同意 | Z14: 46051 | AA14: 水北多字第11522004270號 | AB14: 核定
C17: 5 | F17: 水泥防水劑 | G17: 防水 | H17: 第 07112 章 防水水泥砂漿粉刷 | I17: 設計圖說:B-002089-NEW-AR-911-DG-038 防水隔熱詳圖一 | K17: 115/08/31 | M17: 115/08/31
C20: 6 | F20: 2mm橡化瀝青防水膜 | G20: 防水 | H20: 第 07121 章 橡化瀝青防水膜 | I20: B-002089-NEW-AR-000-DL-001 建築標準圖(1)牆面/地坪 | K20: 115/08/31 | M20: 115/08/31
C23: 7 | F23: 水和凝固型防水材(彈泥)/複合式防水材 | G23: 防水 | H23: 第 07145 章 水泥基防水 | I23: B-002089-NEW-AR-911-DG-039 防水隔熱詳圖二 | K23: 115/08/31 | M23: 115/08/31
C26: 8 | F26: PS隔熱板 | G26: 隔熱/防火 | H26: 第 07220 章 屋頂及樓板隔熱 | I26: B-002089-NEW-AR-000-DL-001 建築標準圖(1)牆面/地坪 | K26: 115/08/31 | M26: 115/08/31
C29: 9 | F29: 三明治板 | G29: 牆體/板材 | H29: 第07410章 金屬三明治夾心牆板 | I29: B-002089-NEW-AR-000-DL-010 建築標準圖(10)-複層金屬板外牆 | K29: 115/07/30 | M29: 115/07/30
C32: 10 | F32: 3mm熱熔式改質瀝青防水毯 | G32: 防水 | H32: 第 07505 章 屋頂防水層 | I32: B-002089-NEW-AR-911-DG-038 防水隔熱詳圖一 | K32: 115/08/31 | M32: 115/08/31
C35: 11 | F35: PU防水材 | G35: 防水 | H35: 第 07505 章 屋頂防水層 | I35: 設計圖說:B-002089-NEW-AR-911-DG-039 防水隔熱詳圖-二 | K35: 115/08/31 | M35: 115/08/31
C38: 12 | F38: 不鏽鋼框玻璃門 | G38: 門窗/玻璃 | H38: 第 08110-A章 鋼門扇及門樘 | I38: B-002089-NEW-AR-911-DG-008 門窗表(一) | K38: 115/08/31 | M38: 115/08/31
C41: 13 | D41: S-SB-50-034 | F41: 鋁製門窗材料送審與供料商 | G41: 門窗/玻璃 | H41: 第08120章-鋁門扇及門樘/第08520章-鋁窗 | I41: B-002089-NEW-AR-911-DG-008門窗表(一)~(五) | J41: 仟藝鋁業 | K41: 115/08/31 | L41: =IF(M41="","",M41-30) -> #VALUE! | M41: 115/08/31 | N41: =IF(K41="","",IF(R41<>"","",IF(AND(R41="",K41-TODAY()<=60),K41-TODAY(),""))) | O41: =IF(AND(ISNUMBER(K41),ISNUMBER(R41)),K41-R41,"") | P41: 核定 | Q41: 0-A | R41: 46048 | S41: 鼎水資字第1150000127號 | T41: 46058 | U41: 艾奕康水字第1150003545號 | V41: 審查同意 | W41: 46058 | X41: 艾奕康水字第1150003545號 | Y41: 審定 | Z41: 46112 | AA41: 水北多字第11522015640號 | AB41: 核定
N42: =IF(K42="","",IF(R42<>"","",IF(AND(R42="",K42-TODAY()<=60),K42-TODAY(),""))) | O42: =IF(AND(ISNUMBER(K42),ISNUMBER(R42)),K42-R42,"")
N43: =IF(K43="","",IF(R43<>"","",IF(AND(R43="",K43-TODAY()<=60),K43-TODAY(),""))) | O43: =IF(AND(ISNUMBER(K43),ISNUMBER(R43)),K43-R43,"")
C44: 14 | F44: 鍍鋅鋼板烤漆門(防火門、防火隔音門) | G44: 門窗/玻璃 | H44: 第 08170 章 防火金屬門扇及門樘 | I44: B-002089-NEW-AR-000-DG-003 廠區建築門窗表一 | K44: 115/08/31 | M44: 115/08/31
C47: 15 | F47: 電動鐵捲門(鍍鋁鋅鋼板、 不銹鋼、 鍍鋅鋼板) | G47: 門窗/玻璃 | H47: 第 08331 章 V6.0 鋼捲門 | I47: B-002089-NEW-AR-000-DG-005 廠區建築門窗-鋼捲門 | K47: 115/08/31 | M47: 115/08/31
C50: 16 | F50: 塑鋼窗/百葉 | G50: 門窗/玻璃 | H50: 第 08569-A 章 塑鋼窗 | I50: B-002089-NEW-AR-000-DG-004 廠區建築門窗表二 | K50: 115/08/31 | M50: 115/08/31
C53: 17 | D53: S-SB63-047 | F53: 玻璃(5mm清強化玻璃/8+8AS+8熱硬化LOW-E複層玻璃/5mm+5mm膠合強化玻璃) | G53: 門窗/玻璃 | H53: 第08810-A章玻璃 | I53: B-002089-NEW-AR-911-DG-008門窗表(一)~(五) | J53: 巨昇玻璃 | K53: 115/08/31 | M53: 115/08/31 | P53: 核定 | Q53: 0-A | R53: 46086 | S53: 鼎水資字第1150000395號 | T53: 115/3/30 | U53: 艾奕康水字第1150006255號 | V53: 審查同意 | W53: 115/3/30 | X53: 艾奕康水字第1150006255號 | Y53: 審查同意 | Z53: 115/4/21 | AA53: 水北多字第11522019380號 | AB53: 核定
C56: 18 | F56: 磁磚(石英磚/花崗石/塑膠地磚/磨石子) | G56: 地坪/鋪面 | H56: 第 09341 - A 章 鋪地磚 | I56: B-002089-NEW-AR-000-DG-026地坪大樣詳圖 | K56: 115/08/31 | M56: 115/08/31
C59: 19 | F59: 3mm/5mm環氧樹脂地坪 | G59: 地坪/鋪面 | H59: 第 09622-A 章 環氧樹脂砂漿地坪 | I59: B-002089-NEW-AR-000-DL-002 建築標準圖(2)-防水處理 B-002089-NEW-AR-911-DG-026 地坪大樣詳圖 | K59: 115/08/31 | M59: 115/08/31
C62: 20 | F62: 鋁合金高架地板 | G62: 地坪/鋪面 | I62: B-002089-NEW-AR-911-DG-026地坪大樣詳圖 | K62: 115/08/31 | M62: 115/08/31
C65: 21 | F65: 水性水泥漆 | G65: 塗裝 | H65: 第09912章水泥漆 | I65: B-002089-NEW-AR-911-DG-000 材料裝修表一 | K65: 115/08/31 | M65: 115/08/31
C68: 22 | F68: 環氧樹脂防蝕塗裝 | G68: 塗裝 | H68: 第 09961章環氧樹脂漆、第 09971章 防蝕塗裝 | I68: B-002089-NEW-AR-000-DL-002 建築標準圖(2)-防水處理 B-002089-NEW-AR-000-DG-001 廠區建築粉刷表(1/2) | K68: 115/08/31 | M68: 115/08/31
C71: 23 | F71: 仿清水膜塗裝 | G71: 塗裝 | I71: B-002089-NEW-AR-000-DL-004 建築標準圖(4)-仿清水膜塗裝 | K71: 115/08/31 | M71: 115/08/31
C74: 24 | F74: 氟碳烤漆 | G74: 門窗/玻璃 | H74: 第 09962-A 章 氟化聚合物塗料 | I74: B-002089-NEW-AR-911-DG-008門窗表(一)~(五) | K74: 115/08/31 | M74: 115/08/31
C77: 25 | F77: 防火玻璃窗(25mm防火玻璃)/防火百葉 | G77: 門窗/玻璃 | I77: B-002089-NEW-AR-000-DL-012 建築標準圖(12)-隔間牆/防火玻璃窗 | K77: 115/08/31 | M77: 115/08/31
C80: 26 | F80: 帷幕 | G80: 門窗/玻璃 | I80: B-002089-NEW-AR-911-DG-015 帷幕詳圖(一) | K80: 115/08/31 | M80: 115/08/31
C83: 27 | F83: 隔音門 | G83: 門窗/玻璃 | I83: B-002089-NEW-AR-000-DL-011 建築標準圖(11)-天花板/隔音門 | K83: 115/08/31 | M83: 115/08/31
C86: 28 | F86: 矽酸鈣板 | G86: 牆體/板材 | I86: B-002089-NEW-AR-911-DG-031 輕隔間大樣詳圖二 | K86: 115/07/30 | M86: 115/07/30
C89: 29 | F89: 防火石膏板 | G89: 牆體/板材 | I89: B-002089-NEW-AR-000-DL-012 建築標準圖(12)-隔間牆,防火玻璃窗 | K89: 115/07/30 | M89: 115/07/30
C92: 30 | F92: 防潮石膏板 | G92: 牆體/板材 | I92: B-002089-NEW-AR-911-DG-031 輕隔間大樣詳圖二 | K92: 115/07/30 | M92: 115/07/30
C95: 31 | F95: 纖維水泥板 | G95: 牆體/板材 | I95: B-002089-NEW-AR-911-DG-031 輕隔間大樣詳圖二 | K95: 115/07/30 | M95: 115/07/30
C98: 32 | F98: 瀝青底油 | G98: 防水 | I98: B-002089-NEW-AR-911-DG-038 防水隔熱詳圖一 | K98: 115/08/31 | M98: 115/08/31
C101: 33 | F101: 矽酸質系防水材 | G101: 防水 | I101: 設計圖說:B-002089-NEW-AR-911-DG-038 防水隔熱詳圖一 | K101: 115/08/31 | M101: 115/08/31
C104: 34 | F104: 壓克力樹脂底漆 | G104: 防水 | I104: 設計圖說:B-002089-NEW-AR-911-DG-039 防水隔熱詳圖-二 | K104: 115/08/31 | M104: 115/08/31
C107: 35 | F107: 防火岩棉 | G107: 隔熱/防火 | I107: B-002089-NEW-AR-000-DL-010 建築標準圖(10)-複層金屬板牆外牆 | K107: 115/08/31 | M107: 115/08/31
C110: 36 | F110: 玻璃棉 | G110: 隔熱/防火 | I110: B-002089-NEW-AR-000-DL-012 建築標準圖(12)-隔間牆/防火玻璃窗 | K110: 115/08/31 | M110: 115/08/31
C113: 37 | F113: 塑膠包覆踏步 | G113: 欄杆/踏步 | I113: B-002089-NEW-AR-000-DL-008 建築標準圖(8)-踏步/排水溝/爬梯 | K113: 115/08/31 | M113: 115/08/31
C116: 38 | F116: 衛浴設備 | G116: 衛浴工程 | K116: 115/09/30 | M116: 115/09/30
C119: 39 | F119: 廁所導擺 | G119: 衛浴工程 | I119: B-002089-NEW-AR-911-DG-048 廁所導擺詳圖 | K119: 115/09/30 | M119: 115/09/30
C122: 40 | F122: 鋁障板+輕鋼架天花板 | G122: 天花/架構 | H122: 第 09581 章 輕型鋼架天花板 | I122: B-002089-NEW-AR-000-DL-011 建築標準圖(11)-天花板/隔音門 | K122: 115/08/31 | M122: 115/08/31
C125: 41 | F125: 鋁障板 | G125: 天花/架構 | I125: B-002089-NEW-AR-911-DG-034 天花板大樣詳圖一 | K125: 115/08/31 | M125: 115/08/31
C128: 42 | F128: 空縫鋁板天花板 | G128: 天花/架構 | I128: B-002089-NEW-AR-911-DG-036 天花板大樣詳圖三 | K128: 115/08/31 | M128: 115/08/31
C131: 43 | F131: 鋼承鈑 | G131: 天花/架構 | I131: B-002089-CTC-CW-000-DG-023 | K131: 115/08/31 | M131: 115/08/31
C134: 44 | F134: 石膏天花板 | G134: 天花/架構 | I134: B-002089-NEW-AR-000-DL-011 建築標準圖(11)-天花板/隔音門 | K134: 115/08/31 | M134: 115/08/31
C137: 45 | F137: 防潮石膏板 | G137: 天花/架構 | I137: B-002089-NEW-AR-911-DG-034 天花板大樣詳圖一 | K137: 115/08/31 | M137: 115/08/31
C140: 46 | F140: 纖維水泥板 | G140: 天花/架構 | I140: B-002089-NEW-AR-911-DG-034 天花板大樣詳圖一 | K140: 115/08/31 | M140: 115/08/31
C143: 47 | F143: 礦纖板 | G143: 天花/架構 | I143: B-002089-NEW-AR-911-DG-035 天花板大樣詳圖二 | K143: 115/08/31 | M143: 115/08/31
C146: 48 | F146: 金屬彩鋼板 | G146: 天花/架構 | I146: B-002089-NEW-AR-000-DL-009 建築標準圖(9)-金屬屋面板 | K146: 115/08/31 | M146: 115/08/31
C149: 49 | F149: 鎖王系統 | G149: 其他 | K149: 115/08/31 | M149: 115/08/31
C152: 51 | F152: 格柵欄圍籬 | G152: 欄杆/踏步 | K152: 115/08/31 | M152: 115/08/31 | AC152: 0512查核委員建議
C155: 52 | F155: 車輪擋 | G155: 停車場 | K155: 115/08/31 | M155: 115/08/31 | AC155: 0512查核委員建議
C158: 53 | F158: 反光鏡 | G158: 停車場 | K158: 115/08/31 | M158: 115/08/31 | AC158: 0512查核委員建議
C161: 54 | F161: 防撞桿 | G161: 停車場 | K161: 115/08/31 | M161: 115/08/31 | AC161: 0512查核委員建議
C164: 55 | F164: 爬梯 | G164: 其他 | K164: 115/08/31 | M164: 115/08/31 | AC164: 0512查核委員建議
D168: 建築裝修
D169: 應送審 | F169: =COUNTA(F5:F166) -> 54
D170: 未送審 | F170: =F169-F171-F172-F173 -> 50
D171: 已核定 | F171: =COUNTIF(P5:P151,"核定") -> 4
D172: 審查中 | F172: =COUNTIF(P5:P151,"審查") -> 0
D173: 修正中 | F173: =COUNTIF(P5:P151,"修正") -> 0

Sheet 10-5消防空調給排水
B1: 新竹海水淡化廠興建及操作維護(興建部分) 消防空調給排水材料設備送審管制總表
A2: 品管現用版本項次 | B2: 項次 | C2: 編碼 | D2: English | E2: 文件 | F2: 優先順序 | G2: English | H2: 類別 | I2: 規範 | J2: 圖面 | K2: 廠商 | L2: 預定送審 (進場前60天) | M2: 預定廠驗 (進場前30天) | N2: 預定進場 | O2: 送審預警天數 (60天內才顯示) | P2: 送審延遲 | Q2: 程序 | R2: 版次 | S2: 審查情形 | AD2: 備註
O3: 辦理預警 | S3: 統包商 | U3: 監造 | X3: 專管 | AA3: 機關(北水分署)
S4: 日期 | T4: 文號 | U4: 日期 | V4: 文號 | W4: 結果 | X4: 日期 | Y4: 文號 | Z4: 結果 | AA4: 日期 | AB4: 文號 | AC4: 結果
A5: 87 | B5: 1 | E5: 火警警報設備 | G5: ELEC | H5: 機電 | I5: 第13851章 火警警報設備規範 | K5: 鼎岳 | L5: 46204 | M5: 46234 | N5: 46264 | O5: =IF(L5="","",IF(S5<>"","",IF(AND(S5="",L5-TODAY()<=60),L5-TODAY(),""))) -> 35 | P5: =IF(AND(ISNUMBER(L5),ISNUMBER(S5)),L5-S5,"") | R5: 0-A
O6: =IF(L6="","",IF(S6<>"","",IF(AND(S6="",L6-TODAY()<=60),L6-TODAY(),""))) | P6: =IF(AND(ISNUMBER(L6),ISNUMBER(S6)),L6-S6,"") | Z6: =IF(X6="","",IF(W6="檢退","檢退",IF(W6="審查同意","審定","檢退")))
O7: =IF(L7="","",IF(S7<>"","",IF(AND(S7="",L7-TODAY()<=60),L7-TODAY(),""))) | P7: =IF(AND(ISNUMBER(L7),ISNUMBER(S7)),L7-S7,"") | Z7: =IF(X7="","",IF(W7="檢退","檢退",IF(W7="審查同意","審定","檢退")))
A8: 88 | B8: 2 | E8: 消防火警受信總機 | L8: 46204 | M8: 46234 | N8: 46264 | O8: =IF(L8="","",IF(S8<>"","",IF(AND(S8="",L8-TODAY()<=60),L8-TODAY(),""))) -> 35 | P8: =IF(AND(ISNUMBER(L8),ISNUMBER(S8)),L8-S8,"") | R8: 0-A
A11: 89 | B11: 3 | E11: 消防廣播設備 | L11: 46204 | M11: 46234 | N11: 46264 | O11: =IF(L11="","",IF(S11<>"","",IF(AND(S11="",L11-TODAY()<=60),L11-TODAY(),""))) -> 35 | P11: =IF(AND(ISNUMBER(L11),ISNUMBER(S11)),L11-S11,"") | R11: 0-A
A14: 111 | B14: 4 | E14: 緊急廣播系統 | L14: 46204 | M14: 46234 | N14: 46264 | O14: =IF(L14="","",IF(S14<>"","",IF(AND(S14="",L14-TODAY()<=60),L14-TODAY(),""))) -> 35 | P14: =IF(AND(ISNUMBER(L14),ISNUMBER(S14)),L14-S14,"") | R14: 0-A
A17: 112 | B17: 5 | E17: 火警探測設備 | G17: ELEC | H17: 機電 | I17: 13853 章 火警探測設備 | K17: 鼎岳 | L17: 46204 | M17: 46234 | N17: 46264 | O17: =IF(L17="","",IF(S17<>"","",IF(AND(S17="",L17-TODAY()<=60),L17-TODAY(),""))) -> 35 | P17: =IF(AND(ISNUMBER(L17),ISNUMBER(S17)),L17-S17,"") | R17: 0-A | Z17: =IF(X17="","",IF(W17="檢退","檢退",IF(W17="審查同意","審定","檢退")))
O18: =IF(L18="","",IF(S18<>"","",IF(AND(S18="",L18-TODAY()<=60),L18-TODAY(),""))) | P18: =IF(AND(ISNUMBER(L18),ISNUMBER(S18)),L18-S18,"") | R18: 0-B | Z18: =IF(X18="","",IF(W18="檢退","檢退",IF(W18="審查同意","審定","檢退")))
O19: =IF(L19="","",IF(S19<>"","",IF(AND(S19="",L19-TODAY()<=60),L19-TODAY(),""))) | P19: =IF(AND(ISNUMBER(L19),ISNUMBER(S19)),L19-S19,"") | R19: 0-C | Z19: =IF(X19="","",IF(W19="檢退","檢退",IF(W19="審查同意","審定","檢退")))
B20: =B17+1 -> 6 | C20: S-SC15-015 | E20: 消防管材 | G20: MECH | H20: 機械 | I20: 13911 消防管材及施工方法 | K20: 鼎岳 | L20: 46204 | M20: 46234 | N20: 46264 | O20: =IF(L20="","",IF(S20<>"","",IF(AND(S20="",L20-TODAY()<=60),L20-TODAY(),""))) -> 35 | P20: =IF(AND(ISNUMBER(L20),ISNUMBER(S20)),L20-S20,"") | R20: 0-A | Z20: =IF(X20="","",IF(W20="檢退","檢退",IF(W20="審查同意","審定","檢退")))
O21: =IF(L21="","",IF(S21<>"","",IF(AND(S21="",L21-TODAY()<=60),L21-TODAY(),""))) | P21: =IF(AND(ISNUMBER(L21),ISNUMBER(S21)),L21-S21,"") | R21: 0-B | Z21: =IF(X21="","",IF(W21="檢退","檢退",IF(W21="審查同意","審定","檢退")))
O22: =IF(L22="","",IF(S22<>"","",IF(AND(S22="",L22-TODAY()<=60),L22-TODAY(),""))) | P22: =IF(AND(ISNUMBER(L22),ISNUMBER(S22)),L22-S22,"") | R22: 0-C | Z22: =IF(X22="","",IF(W22="檢退","檢退",IF(W22="審查同意","審定","檢退")))
B23: =B20+1 -> 7 | C23: S-SC02-0002 | E23: 消防泵浦設備及廠商資格-至盛工業 | G23: MECH | H23: 機械 | I23: 139120 消防泵 | K23: 鼎岳 | L23: 46204 | M23: 46234 | N23: 46264 | O23: =IF(L23="","",IF(S23<>"","",IF(AND(S23="",L23-TODAY()<=60),L23-TODAY(),""))) | P23: =IF(AND(ISNUMBER(L23),ISNUMBER(S23)),L23-S23,"") -> 223 | Q23: 修正 | R23: 0-A | S23: 45981 | T23: 鼎水資字第1140001378號 | U23: 45999 | V23: 艾奕康水字第1140033395號 | W23: 檢退-規範未核定
R24: 0-B
R25: 0-C
B26: =B23+1 -> 8 | E26: 污水管路 | G26: MECH | H26: 機械 | I26: 15151 汙水管路系統 | L26: 46204 | M26: 46234 | N26: 46264 | O26: =IF(L26="","",IF(S26<>"","",IF(AND(S26="",L26-TODAY()<=60),L26-TODAY(),""))) -> 35 | P26: =IF(AND(ISNUMBER(L26),ISNUMBER(S26)),L26-S26,"") | R26: 0-A
O27: =IF(L27="","",IF(S27<>"","",IF(AND(S27="",L27-TODAY()<=60),L27-TODAY(),""))) | P27: =IF(AND(ISNUMBER(L27),ISNUMBER(S27)),L27-S27,"") | R27: 0-B | Z27: =IF(X27="","",IF(W27="檢退","檢退",IF(W27="審查同意","審定","檢退")))
O28: =IF(L28="","",IF(S28<>"","",IF(AND(S28="",L28-TODAY()<=60),L28-TODAY(),""))) | P28: =IF(AND(ISNUMBER(L28),ISNUMBER(S28)),L28-S28,"") | R28: 0-C | Z28: =IF(X28="","",IF(W28="檢退","檢退",IF(W28="審查同意","審定","檢退")))
B29: =B26+1 -> 9 | E29: 自來水不銹鋼管及管件 | G29: MECH | H29: 機械 | I29: 15223 自來水不銹鋼管及管件 | L29: 46204 | M29: 46234 | N29: 46264 | O29: =IF(L29="","",IF(S29<>"","",IF(AND(S29="",L29-TODAY()<=60),L29-TODAY(),""))) -> 35 | P29: =IF(AND(ISNUMBER(L29),ISNUMBER(S29)),L29-S29,"") | R29: 0-A
O30: =IF(L30="","",IF(S30<>"","",IF(AND(S30="",L30-TODAY()<=60),L30-TODAY(),""))) | P30: =IF(AND(ISNUMBER(L30),ISNUMBER(S30)),L30-S30,"") | R30: 0-B | Z30: =IF(X30="","",IF(W30="檢退","檢退",IF(W30="審查同意","審定","檢退")))
O31: =IF(L31="","",IF(S31<>"","",IF(AND(S31="",L31-TODAY()<=60),L31-TODAY(),""))) | P31: =IF(AND(ISNUMBER(L31),ISNUMBER(S31)),L31-S31,"") | R31: 0-C | Z31: =IF(X31="","",IF(W31="檢退","檢退",IF(W31="審查同意","審定","檢退")))
B32: =B29+1 -> 10 | E32: 自來水不銹鋼伸縮接頭 | G32: MECH | H32: 機械 | I32: 15224 自來水不銹鋼伸縮接頭 | L32: 46204 | M32: 46234 | N32: 46264 | O32: =IF(L32="","",IF(S32<>"","",IF(AND(S32="",L32-TODAY()<=60),L32-TODAY(),""))) -> 35 | P32: =IF(AND(ISNUMBER(L32),ISNUMBER(S32)),L32-S32,"") | R32: 0-A
O33: =IF(L33="","",IF(S33<>"","",IF(AND(S33="",L33-TODAY()<=60),L33-TODAY(),""))) | P33: =IF(AND(ISNUMBER(L33),ISNUMBER(S33)),L33-S33,"") | R33: 0-B | Z33: =IF(X33="","",IF(W33="檢退","檢退",IF(W33="審查同意","審定","檢退")))
O34: =IF(L34="","",IF(S34<>"","",IF(AND(S34="",L34-TODAY()<=60),L34-TODAY(),""))) | P34: =IF(AND(ISNUMBER(L34),ISNUMBER(S34)),L34-S34,"") | R34: 0-C | Z34: =IF(X34="","",IF(W34="檢退","檢退",IF(W34="審查同意","審定","檢退")))
A35: 100 | B35: =B32+1 -> 11 | E35: 給排水及衛生器具 | G35: MECH | H35: 機械 | I35: 第 15410 章 給排水及衛生器具 | L35: 46204 | M35: 46234 | N35: 46264 | O35: 16 | R35: 0-A
R36: 0-B | Z36: =IF(X36="","",IF(W36="檢退","檢退",IF(W36="審查同意","審定","檢退")))
R37: 0-C | Z37: =IF(X37="","",IF(W37="檢退","檢退",IF(W37="審查同意","審定","檢退")))
A38: 101 | B38: =B35+1 -> 12 | E38: 衛生給排水泵 | G38: MECH | H38: 機械 | I38: 第 15440 章 衛生給排水泵 | L38: 46204 | M38: 46234 | N38: 46264 | O38: 16 | R38: 0-A
R39: 0-B | Z39: =IF(X39="","",IF(W39="檢退","檢退",IF(W39="審查同意","審定","檢退")))
R40: 0-C | Z40: =IF(X40="","",IF(W40="檢退","檢退",IF(W40="審查同意","審定","檢退")))
B41: =B38+1 -> 13 | E41: 分離式空調機組 | G41: MECH | H41: 機械 | I41: 第 15737 章 分離式空調機組 | L41: 46204 | M41: 46234 | N41: 46264 | O41: 16 | R41: 0-A
R42: 0-B | Z42: =IF(X42="","",IF(W42="檢退","檢退",IF(W42="審查同意","審定","檢退")))
R43: 0-C | Z43: =IF(X43="","",IF(W43="檢退","檢退",IF(W43="審查同意","審定","檢退")))
B44: =B41+1 -> 14 | E44: 空調風管附屬設備元入件 | G44: MECH | H44: 機械 | I44: 第 15820 章 空調風管附屬設備元件 | L44: 46204 | M44: 46234 | N44: 46264 | O44: 16 | R44: 0-A
R45: 0-B | Z45: =IF(X45="","",IF(W45="檢退","檢退",IF(W45="審查同意","審定","檢退")))
R46: 0-C | Z46: =IF(X46="","",IF(W46="檢退","檢退",IF(W46="審查同意","審定","檢退")))
D48: 消防空調給排水
D49: 應送審 | E49: =COUNTA(E5:E46) -> 14
D50: 未送審 | E50: =E49-E51-E52-E53 -> 13
D51: 已核定 | E51: =COUNTIF(Q5:Q46,"核定") -> 0
D52: 審查中 | E52: =COUNTIF(Q5:Q46,"審查") -> 0
D53: 修正中 | E53: =COUNTIF(Q5:Q46,"修正") -> 1

Sheet 10-6機械設備
C1: 新竹海水淡化廠興建及操作維護(興建部分) 機械設備材料設備送審管制總表
A2: 窗口負責人 | B2: 品管現用版本項次 | C2: 項次 | D2: PN | E2: 文件編碼 | F2: 設備名稱 | G2: 設備名稱 (PCC 文件) | H2: 規範 | I2: 預定送審 (進場前60天) | J2: 預定廠驗 (進場前30天) | K2: 預定進場 | L2: 送審預警天數(60天內) | M2: 送審延遲 | N2: 程序 | O2: 版次 | P2: 審查情形 (廠商資格 stage2) | AA2: 備註 | AB2: 編碼 | AC2: 版次 | AD2: 審查情形 (設備型錄圖說 stage3, if applicable) | AO2: 備註
L3: 辦理預警 | P3: 統包商 | R3: 監造 | U3: 專管 | X3: 機關(北水分署) | AD3: 統包商 | AF3: 監造 | AI3: 專管 | AL3: 機關(北水分署)
P4: 日期 | Q4: 文號 | R4: 日期 | S4: 文號 | T4: 結果 | U4: 日期 | V4: 文號 | W4: 結果 | X4: 日期 | Y4: 文號 | Z4: 結果 | AD4: 日期 | AE4: 文號 | AF4: 日期 | AG4: 文號 | AH4: 結果 | AI4: 日期 | AJ4: 文號 | AK4: 結果 | AL4: 日期 | AM4: 文號 | AN4: 結果
B5: 82 | C5: 1 | D5: 126+141 | E5: S-SC501-501 (CTC-DC-000-SD-501) | F5: GRP PIPES (AG & UG) + PUDDLE PIPES | G5: GRP管線(Future Pipe Industries) | H5: 第02533A章 玻璃纖維增強塑膠管材 | I5: =IF(K5="","",K5-60) -> 45950 | J5: =IF(K5="","",K5-30) -> 45980 | K5: 46010 | L5: =IF(I5="","",IF(P5<>"","",IF(AND(P5="",I5-TODAY()<=60),I5-TODAY(),""))) | M5: =IF(COUNT(I5, P5)=2, I5-P5, "") -> 41 | O5: 0-A | P5: 45909 | Q5: 鼎水資字第1140000932號 | R5: 45919 | S5: 艾奕康水字第1140026972號 | T5: 檢退-規範未核定 | AB5: S-SC22-022 | AC5: 0-A | AD5: 46064 | AE5: 鼎水資字第1150000271號 | AF5: 46090 | AG5: 艾奕康水字第1150004570號 | AH5: 審查同意 | AI5: 46090 | AJ5: 艾奕康水字第1150004570號 | AK5: 審定
L6: =IF(I6="","",IF(P6<>"","",IF(AND(P6="",I6-TODAY()<=60),I6-TODAY(),""))) | M6: =IF(COUNT(I6, P6)=2, I6-P6, "") | O6: 0-B | P6: 46062 | Q6: 鼎水資字第1150000234號 | R6: 46097 | S6: 艾奕康水字第1150004921號 | T6: 審查同意 | U6: 46097 | V6: 艾奕康水字第1150004921號 | W6: 審定 | X6: 46121 | Y6: 水北多字第11522016890號 | Z6: 核定 | AC6: 0-B | AD6: 46134 | AE6: 鼎水資字第1150000666號
L7: =IF(I7="","",IF(P7<>"","",IF(AND(P7="",I7-TODAY()<=60),I7-TODAY(),""))) | M7: =IF(COUNT(I7, P7)=2, I7-P7, "") | N7: 審查 | O7: 1-A | P7: 46149 | Q7: 鼎水資字第1150000730號
B8: 67 | C8: 2 | D8: 9 | E8: S-SC541-541 (CTC-DC-000-SD-004) | F8: Agitator equipment COAGULATION CHAMBER MIXERS | G8: 攪拌器 COAGULATION MIXER | H8: 第11221章 攪拌器 | I8: =IF(J8="","",J8-30) -> 46143 | J8: =IF(K8="","",K8-30) -> 46173 | K8: 46203 | L8: =IF(I8="","",IF(P8<>"","",IF(AND(P8="",I8-TODAY()<=60),I8-TODAY(),""))) | M8: =IF(COUNT(I8, P8)=2, I8-P8, "") -> 157 | O8: 0-A | P8: 45986 | Q8: 鼎水資字第1140001401號 | R8: 46007 | S8: 艾奕康水字第1140033597號 | T8: 檢退 | AB8: S-SC39-039 | AC8: 0-A | AD8: 46119 | AE8: 鼎水資字第1150000549號 | AF8: 46134 | AG8: 艾奕康水字第1150008634號 | AH8: 審查同意 | AI8: 46134 | AJ8: 艾奕康水字第1150008634號 | AK8: 審定 | AL8: 46148 | AM8: 水北多字第11522022840號 | AN8: 核定
B9: 113 | L9: =IF(I9="","",IF(P9<>"","",IF(AND(P9="",I9-TODAY()<=60),I9-TODAY(),""))) | M9: =IF(COUNT(I9, P9)=2, I9-P9, "") | N9: 核定 | O9: 0-B | P9: 46066 | Q9: 鼎水資字第1150000301號 | R9: 46105 | S9: 艾奕康水字第1150005667號 | T9: 審查同意 | U9: 46105 | V9: 艾奕康水字第1150005667號 | W9: 審定 | X9: 46133 | Y9: 水北多字第11522019360號 | Z9: 核定
L10: =IF(I10="","",IF(P10<>"","",IF(AND(P10="",I10-TODAY()<=60),I10-TODAY(),""))) | M10: =IF(COUNT(I10, P10)=2, I10-P10, "") | O10: 0-C
B11: 115 | C11: 3 | D11: 63 | E11: S-SC541-541 (CTC-DC-000-SD-004) | F11: THICKENED SLUDGE TANK SUBMERSIBLE MIXER | G11: 濃縮污泥池攪拌器 THICKENED SLUDGE TANK MIXER | H11: 第11221章 攪拌器 | I11: =IF(J11="","",J11-30) -> 46016 | J11: =IF(K11="","",K11-30) -> 46046 | K11: 46076 | L11: =IF(I11="","",IF(P11<>"","",IF(AND(P11="",I11-TODAY()<=60),I11-TODAY(),""))) | M11: =IF(COUNT(I11, P11)=2, I11-P11, "") -> 30 | O11: 0-A | P11: 45986 | Q11: 鼎水資字第1140001401號 | R11: 46007 | S11: 艾奕康水字第1140033597號 | T11: 檢退 | AB11: S-SC39-039 | AC11: 0-A | AD11: 46119 | AE11: 鼎水資字第1150000549號 | AF11: 46134 | AG11: 艾奕康水字第1150008634號 | AH11: 審查同意 | AI11: 46134 | AJ11: 艾奕康水字第1150008634號 | AK11: 審定
L12: =IF(I12="","",IF(P12<>"","",IF(AND(P12="",I12-TODAY()<=60),I12-TODAY(),""))) | M12: =IF(COUNT(I12, P12)=2, I12-P12, "") | N12: 核定 | O12: 0-B | P12: 46066 | Q12: 鼎水資字第1150000301號 | R12: 46105 | S12: 艾奕康水字第1150005667號 | T12: 審查同意 | U12: 46105 | V12: 艾奕康水字第1150005667號 | W12: 審定 | X12: 46133 | Y12: 水北多字第11522019360號 | Z12: 核定
L13: =IF(I13="","",IF(P13<>"","",IF(AND(P13="",I13-TODAY()<=60),I13-TODAY(),""))) | M13: =IF(COUNT(I13, P13)=2, I13-P13, "") | O13: 0-C
B14: 69 | C14: 4 | D14: 89 | F14: HOISTS | G14: GRP玻璃纖維儲槽 | H14: 第11241章 玻璃纖維儲槽 | I14: =IF(K14="","",K14-60) -> 46173 | J14: =IF(K14="","",K14-30) -> 46203 | K14: 46233 | L14: =IF(I14="","",IF(P14<>"","",IF(AND(P14="",I14-TODAY()<=60),I14-TODAY(),""))) -> 4 | M14: =IF(COUNT(I14, P14)=2, I14-P14, "") | O14: 0-A
L15: =IF(I15="","",IF(P15<>"","",IF(AND(P15="",I15-TODAY()<=60),I15-TODAY(),""))) | M15: =IF(COUNT(I15, P15)=2, I15-P15, "") | O15: 0-B
L16: =IF(I16="","",IF(P16<>"","",IF(AND(P16="",I16-TODAY()<=60),I16-TODAY(),""))) | M16: =IF(COUNT(I16, P16)=2, I16-P16, "") | O16: 0-C
B17: 167 | C17: 5 | D17: 88 | E17: S-SC510-510 (CTC-DC-000-SD-017) | F17: DOSING PUMPS PANELS | G17: 加藥設備(SERA)- 氣浮池氯化鐵 雙介質過濾器氯化鐵 污泥濃縮槽氯化鐵 氣浮池助凝劑 雙介質過濾器助凝劑 二級海淡 RO 氫氧化鈉 CIP氫氧化鈉 中和池氫氧化鈉 次氯酸鈉 一級海淡 RO 抑垢劑 二級海淡RO 抑垢劑 脫水機 POLYMER | H17: 第11245章 加藥設備 | I17: =IF(K17="","",K17-60) -> 46125 | J17: =IF(K17="","",K17-30) -> 46155 | K17: 46185 | L17: =IF(I17="","",IF(P17<>"","",IF(AND(P17="",I17-TODAY()<=60),I17-TODAY(),""))) | M17: =IF(COUNT(I17, P17)=2, I17-P17, "") -> 47 | N17: 核定 | O17: 0-A | P17: 46078 | Q17: 鼎水資字第1150000341號 | R17: 46105 | S17: 艾奕康水字第1150006010號 | T17: 審查同意 | U17: 46105 | V17: 艾奕康水字第1150006010號 | W17: 審定 | X17: 46114 | Y17: 水北多字第11522015860號 | Z17: 核定
L18: =IF(I18="","",IF(P18<>"","",IF(AND(P18="",I18-TODAY()<=60),I18-TODAY(),""))) | M18: =IF(COUNT(I18, P18)=2, I18-P18, "")
L19: =IF(I19="","",IF(P19<>"","",IF(AND(P19="",I19-TODAY()<=60),I19-TODAY(),""))) | M19: =IF(COUNT(I19, P19)=2, I19-P19, "")
B20: 164 | C20: 6 | D20: 88 | E20: S-SC510-510 (CTC-DC-000-SD-017) | F20: DOSING PUMPS PANELS-POLYMER PREPARATION UNITS FOR LIME SATURATORS | G20: 加藥設備(SERA)-石灰飽和器 POLYMER | H20: 第11245章 加藥設備 | I20: =IF(J20="","",J20-30) -> 46125 | J20: =IF(K20="","",K20-30) -> 46155 | K20: 46185 | L20: =IF(I20="","",IF(P20<>"","",IF(AND(P20="",I20-TODAY()<=60),I20-TODAY(),""))) | M20: =IF(COUNT(I20, P20)=2, I20-P20, "") -> 47 | N20: 核定 | O20: 0-A | P20: 46078 | Q20: 鼎水資字第1150000341號 | R20: 46105 | S20: 艾奕康水字第1150006010號 | T20: 審查同意 | U20: 46105 | V20: 艾奕康水字第1150006010號 | W20: 審定 | X20: 46114 | Y20: 水北多字第11522015860號 | Z20: 核定
L21: =IF(I21="","",IF(P21<>"","",IF(AND(P21="",I21-TODAY()<=60),I21-TODAY(),""))) | M21: =IF(COUNT(I21, P21)=2, I21-P21, "")
L22: =IF(I22="","",IF(P22<>"","",IF(AND(P22="",I22-TODAY()<=60),I22-TODAY(),""))) | M22: =IF(COUNT(I22, P22)=2, I22-P22, "")
B23: 165 | C23: 7 | D23: 88 | E23: S-SC510-510 (CTC-DC-000-SD-017) | F23: DOSING PUMPS PANELS-POLYMER PREPARATION UNITS FOR THICKENER SLUDGE | G23: 加藥設備(SERA)-污泥濃縮槽 POLYMER | H23: 第11245章 加藥設備 | I23: =IF(J23="","",J23-30) -> 46125 | J23: =IF(K23="","",K23-30) -> 46155 | K23: 46185 | L23: =IF(I23="","",IF(P23<>"","",IF(AND(P23="",I23-TODAY()<=60),I23-TODAY(),""))) | M23: =IF(COUNT(I23, P23)=2, I23-P23, "") -> 47 | N23: 核定 | O23: 0-A | P23: 46078 | Q23: 鼎水資字第1150000341號 | R23: 46105 | S23: 艾奕康水字第1150006010號 | T23: 審查同意 | U23: 46105 | V23: 艾奕康水字第1150006010號 | W23: 審定 | X23: 46114 | Y23: 水北多字第11522015860號 | Z23: 核定
L24: =IF(I24="","",IF(P24<>"","",IF(AND(P24="",I24-TODAY()<=60),I24-TODAY(),""))) | M24: =IF(COUNT(I24, P24)=2, I24-P24, "")
L25: =IF(I25="","",IF(P25<>"","",IF(AND(P25="",I25-TODAY()<=60),I25-TODAY(),""))) | M25: =IF(COUNT(I25, P25)=2, I25-P25, "")
B26: 68電動閘門設備 | C26: 8 | D26: 77 | E26: S-SC511-511 (CTC-DC-000-SD-018) | F26: PENSTOCKS | G26: 匣門(Jash)--- 取水站進流 放流池隔離 細篩機進流 細篩機出流 混凝池進流 氣浮池出流水池連通 配水池進流 配水池出流 廢水排放池進流 氣浮池出流控制堰 | H26: 第11285章 閘門 | I26: =IF(K26="","",K26-60) -> 46055 | J26: =IF(K26="","",K26-30) -> 46085 | K26: 46115 | L26: =IF(I26="","",IF(P26<>"","",IF(AND(P26="",I26-TODAY()<=60),I26-TODAY(),""))) | M26: =IF(COUNT(I26, P26)=2, I26-P26, "") -> -9 | N26: 核定 | O26: 0-A | P26: 46064 | Q26: 鼎水資字第1150000286號 | R26: 46111 | S26: 艾奕康水 字第1150005666號 | T26: 審查同意 | U26: 46111 | V26: 艾奕康水 字第1150005666號 | W26: 審定 | X26: 46125 | Y26: 水北多字第11522017660號 | Z26: 核定
L27: =IF(I27="","",IF(P27<>"","",IF(AND(P27="",I27-TODAY()<=60),I27-TODAY(),""))) | M27: =IF(COUNT(I27, P27)=2, I27-P27, "")
L28: =IF(I28="","",IF(P28<>"","",IF(AND(P28="",I28-TODAY()<=60),I28-TODAY(),""))) | M28: =IF(COUNT(I28, P28)=2, I28-P28, "")
B29: 173 | C29: 9 | D29: 78 | F29: SEADAF WEIR PENSTOCK | G29: 浮除系統閘門 | H29: 第11285章 閘門 | I29: =IF(K29="","",K29-60) -> 46204 | J29: =IF(K29="","",K29-30) -> 46234 | K29: 46264 | L29: =IF(I29="","",IF(P29<>"","",IF(AND(P29="",I29-TODAY()<=60),I29-TODAY(),""))) -> 35 | M29: =IF(COUNT(I29, P29)=2, I29-P29, "") | O29: 0-A
L30: =IF(I30="","",IF(P30<>"","",IF(AND(P30="",I30-TODAY()<=60),I30-TODAY(),""))) | M30: =IF(COUNT(I30, P30)=2, I30-P30, "")
L31: =IF(I31="","",IF(P31<>"","",IF(AND(P31="",I31-TODAY()<=60),I31-TODAY(),""))) | M31: =IF(COUNT(I31, P31)=2, I31-P31, "")
C32: 10 | D32: 14 | E32: S-SC502-502 (CTC-DC-000-SD-012) | F32: Dual Media Pressure Filter (DMPF) | G32: 雙介質壓力式過濾設備 (PRESSURE VESSELS INDIA) | H32: 第11307A章 雙介質過濾器 | I32: =IF(K32="","",K32-60) -> 46073 | J32: =IF(K32="","",K32-30) -> 46103 | K32: 46133 | L32: =IF(I32="","",IF(P32<>"","",IF(AND(P32="",I32-TODAY()<=60),I32-TODAY(),""))) | M32: =IF(COUNT(I32, P32)=2, I32-P32, "") -> 11 | N32: 核定 | O32: 0-A | P32: 46062 | Q32: 鼎水資字第1150000238號 | R32: 46097 | S32: 艾奕康水字第1150004918號 | T32: 審查同意 | U32: 46097 | V32: 艾奕康水字第1150004918號 | W32: 審定 | X32: 46106 | Y32: 水北多字第11522013620號 | Z32: 核定 | AB32: S-SC38-038 | AC32: 0-A | AD32: 46119 | AE32: 鼎水資字第1150000545號 | AF32: 46134 | AG32: 艾奕康水字第1150008633號 | AH32: 審查同意 | AI32: 46134 | AJ32: 艾奕康水字第1150008633號 | AK32: 審定 | AL32: 46147 | AM32: 水北多字第11522023100號 | AN32: 核定
L33: =IF(I33="","",IF(P33<>"","",IF(AND(P33="",I33-TODAY()<=60),I33-TODAY(),""))) | M33: =IF(COUNT(I33, P33)=2, I33-P33, "") | O33: 0-B
L34: =IF(I34="","",IF(P34<>"","",IF(AND(P34="",I34-TODAY()<=60),I34-TODAY(),""))) | M34: =IF(COUNT(I34, P34)=2, I34-P34, "") | O34: 0-C
B35: 175 | C35: 11 | D35: 15 | E35: S-SC25-025 (CTC-DC-000-SD-002) | F35: DMPF FEED PUMPS 雙介質過濾器進水泵 | G35: 臥式離心泵(2) (RuhrPumpen) | H35: 第11315F章 臥式離心泵(2) | I35: =IF(K35="","",K35-60) -> 46051 | J35: =IF(K35="","",K35-30) -> 46081 | K35: 46111 | L35: =IF(I35="","",IF(P35<>"","",IF(AND(P35="",I35-TODAY()<=60),I35-TODAY(),""))) | M35: =IF(COUNT(I35, P35)=2, I35-P35, "") -> 157 | O35: 0-A | P35: 45894 | Q35: 鼎水資字第1140000840號 | R35: 45898 | S35: 艾奕康水字第1140025330號 | T35: 檢退 | AB35: S-SC26-026 | AC35: 0-A | AD35: 46051 | AE35: 鼎水資字第1150000146號 | AF35: 46085 | AG35: 艾奕康水字第1150004070號 | AH35: 審查同意 | AI35: 46085 | AJ35: 艾奕康水字第1150004070號 | AK35: 審定
L36: =IF(I36="","",IF(P36<>"","",IF(AND(P36="",I36-TODAY()<=60),I36-TODAY(),""))) | M36: =IF(COUNT(I36, P36)=2, I36-P36, "") | O36: 0-B | P36: 45972 | Q36: 鼎水資字第1140001297號 | R36: 46001 | S36: 艾奕康水字第1140032408號 | T36: 同意-需補正 | U36: 46003 | V36: 艾奕康水字第1140035285號 | W36: 審定 | AC36: 0-B | AD36: 46134 | AE36: 鼎水資字第1150000666號
L37: =IF(I37="","",IF(P37<>"","",IF(AND(P37="",I37-TODAY()<=60),I37-TODAY(),""))) | M37: =IF(COUNT(I37, P37)=2, I37-P37, "") | N37: 核定 | O37: 0-C | P37: 46049 | Q37: 鼎水資字第1150000137號 | R37: 46084 | S37: 艾奕康水字第1150004068號 | T37: 審查同意 | U37: 46084 | V37: 艾奕康水字第1150004068號 | W37: 審定 | X37: 46100 | Y37: 水北多字第11522008140號 | Z37: 核定
B38: 188 | C38: 12 | D38: 19 | E38: S-SC25-025 (CTC-DC-000-SD-002) | F38: DMPF BACKWASH PUMPS 雙介質過濾器反洗水泵 | G38: 臥式離心泵(2) (RuhrPumpen) | H38: 第11315F章 臥式離心泵(2) | I38: =IF(K38="","",K38-60) -> 46051 | J38: =IF(K38="","",K38-30) -> 46081 | K38: 46111 | L38: =IF(I38="","",IF(P38<>"","",IF(AND(P38="",I38-TODAY()<=60),I38-TODAY(),""))) | M38: =IF(COUNT(I38, P38)=2, I38-P38, "") -> 157 | O38: 0-A | P38: 45894 | Q38: 鼎水資字第1140000840號 | R38: 45898 | S38: 艾奕康水字第1140025330號 | T38: 檢退 | AB38: S-SC26-026 | AC38: 0-A | AD38: 46051 | AE38: 鼎水資字第1150000146號 | AF38: 46085 | AG38: 艾奕康水字第1150004070號 | AH38: 審查同意 | AI38: 46085 | AJ38: 艾奕康水字第1150004070號 | AK38: 審定
L39: =IF(I39="","",IF(P39<>"","",IF(AND(P39="",I39-TODAY()<=60),I39-TODAY(),""))) | M39: =IF(COUNT(I39, P39)=2, I39-P39, "") | O39: 0-B | P39: 45972 | Q39: 鼎水資字第1140001297號 | R39: 46001 | S39: 艾奕康水字第1140032408號 | T39: 同意-需補正 | U39: 46003 | V39: 艾奕康水字第1140035285號 | W39: 審定 | AC39: 0-B | AD39: 46134 | AE39: 鼎水資字第1150000666號
L40: =IF(I40="","",IF(P40<>"","",IF(AND(P40="",I40-TODAY()<=60),I40-TODAY(),""))) | M40: =IF(COUNT(I40, P40)=2, I40-P40, "") | N40: 核定 | O40: 0-C | P40: 46049 | Q40: 鼎水資字第1150000137號 | R40: 46084 | S40: 艾奕康水字第1150004068號 | T40: 審查同意 | U40: 46084 | V40: 艾奕康水字第1150004068號 | W40: 審定 | X40: 46100 | Y40: 水北多字第11522008140號 | Z40: 核定
B41: 9 | C41: 13 | D41: 24 | E41: S-SC544-544 (CTC-DC-000-SD-008) | F41: CARTRIDGE FILTERS | G41: 保安過濾器(PIEDMONT) | H41: 第11307B章 保安過濾器 | I41: =IF(K41="","",K41-60) -> 45975 | J41: =IF(K41="","",K41-30) -> 46005 | K41: 46035 | L41: =IF(I41="","",IF(P41<>"","",IF(AND(P41="",I41-TODAY()<=60),I41-TODAY(),""))) | M41: =IF(COUNT(I41, P41)=2, I41-P41, "") -> -21 | O41: 0-A | P41: 45996 | Q41: 鼎水資字第1140001456 | R41: 46017 | S41: 艾奕康水字第1140034567號 | T41: 審查同意 | U41: 46028 | V41: 艾奕康水字第1140036272號 | W41: 審定 | AB41: S-SC35-035 | AC41: 0-A | AD41: 46113 | AE41: 鼎水資字第1150000529號 | AF41: 46133 | AG41: 艾奕康水字第1150008626號 | AH41: 審查同意 | AI41: 46133 | AJ41: 艾奕康水字第1150008626號 | AK41: 審定 | AL41: 46147 | AM41: 水北多字第11522022880號 | AN41: 核定
L42: =IF(I42="","",IF(P42<>"","",IF(AND(P42="",I42-TODAY()<=60),I42-TODAY(),""))) | M42: =IF(COUNT(I42, P42)=2, I42-P42, "") | N42: 核定 | O42: 1-A | P42: 46064 | Q42: 鼎水資字第1150000287號 | R42: 46092 | S42: 艾奕康水字第1150004910號 | T42: 審查同意 | U42: 46092 | V42: 艾奕康水字第1150004910號 | W42: 審定 | X42: 46106 | Y42: 水北多字第11522013370號 | Z42: 核定
L43: =IF(I43="","",IF(P43<>"","",IF(AND(P43="",I43-TODAY()<=60),I43-TODAY(),""))) | M43: =IF(COUNT(I43, P43)=2, I43-P43, "")
B44: 155前處理管水錘吸收器 | C44: 14 | D44: 1 | E44: S-SC512-512 (CTC-DC-000-SD-019) | F44: PRETREATMENT PIPE PROTECTION SURGE VESSEL | G44: 水錘吸收器 (CHARLATTE) -雙介質過濾器水錘吸收器 | H44: 第11307C章 水錘吸收器 | I44: =IF(J44="","",J44-30) -> 46160 | J44: =IF(K44="","",K44-30) -> 46190 | K44: 46220 | L44: =IF(I44="","",IF(P44<>"","",IF(AND(P44="",I44-TODAY()<=60),I44-TODAY(),""))) | M44: =IF(COUNT(I44, P44)=2, I44-P44, "") -> 82 | N44: 核定 | O44: 0-A | P44: 46078 | Q44: 鼎水資字第1150000335號 | R44: 46106 | S44: 艾奕康水字第1150006009號 | T44: 審查同意 | U44: 46106 | V44: 艾奕康水字第1150006009號 | W44: 審定 | X44: 46146 | Y44: 水北多字第11522022660號 | Z44: 核定
L45: =IF(I45="","",IF(P45<>"","",IF(AND(P45="",I45-TODAY()<=60),I45-TODAY(),""))) | M45: =IF(COUNT(I45, P45)=2, I45-P45, "")
L46: =IF(I46="","",IF(P46<>"","",IF(AND(P46="",I46-TODAY()<=60),I46-TODAY(),""))) | M46: =IF(COUNT(I46, P46)=2, I46-P46, "")
C47: 15 | D47: 90 | E47: S-SC513-513 (CTC-DC-000-SD-020) | F47: PERMEATE WATER TANK | G47: 金屬桶槽 (GLS) | H47: 第11307D章 金屬桶槽 | I47: =IF(K47="","",K47-60) -> 46173 | J47: =IF(K47="","",K47-30) -> 46203 | K47: 46233 | L47: =IF(I47="","",IF(P47<>"","",IF(AND(P47="",I47-TODAY()<=60),I47-TODAY(),""))) | M47: =IF(COUNT(I47, P47)=2, I47-P47, "") -> 109 | N47: 核定 | O47: 0-A | P47: 46064 | Q47: 鼎水資字第1150000280號 | R47: 46087 | S47: 艾奕康水字第1150004907號 | T47: 審查同意 | U47: 46087 | V47: 艾奕康水字第1150004907號 | W47: 審定 | X47: 46105 | Y47: 水北多字第11522013530號 | Z47: 核定
L48: =IF(I48="","",IF(P48<>"","",IF(AND(P48="",I48-TODAY()<=60),I48-TODAY(),""))) | M48: =IF(COUNT(I48, P48)=2, I48-P48, "")
L49: =IF(I49="","",IF(P49<>"","",IF(AND(P49="",I49-TODAY()<=60),I49-TODAY(),""))) | M49: =IF(COUNT(I49, P49)=2, I49-P49, "")
B50: 64 | C50: 16 | D50: 73+75 | E50: S-SC514-514 (CTC-DC-000-SD-021) | F50: POTABLE WATER GROUP Pump Service Water Group Pump | G50: 飲用水及廠用水機組 (BOMBAS IDEAL) | H50: 第11313章 飲用水及廠用水機組 | I50: =IF(K50="","",K50-60) -> 46177 | J50: =IF(K50="","",K50-30) -> 46207 | K50: 46237 | L50: =IF(I50="","",IF(P50<>"","",IF(AND(P50="",I50-TODAY()<=60),I50-TODAY(),""))) | M50: =IF(COUNT(I50, P50)=2, I50-P50, "") -> 113 | N50: 核定 | O50: 0-A | P50: 46064 | Q50: 鼎水資字第1150000281號 | R50: 46100 | S50: 艾奕康水字第1150005376號 | T50: 審查同意 | U50: 46100 | V50: 艾奕康水字第1150005376號 | W50: 審定 | X50: 46112 | Y50: 水北多字第11522015320號 | Z50: 核定
B51: 65 | L51: =IF(I51="","",IF(P51<>"","",IF(AND(P51="",I51-TODAY()<=60),I51-TODAY(),""))) | M51: =IF(COUNT(I51, P51)=2, I51-P51, "")
L52: =IF(I52="","",IF(P52<>"","",IF(AND(P52="",I52-TODAY()<=60),I52-TODAY(),""))) | M52: =IF(COUNT(I52, P52)=2, I52-P52, "")
B53: 123 | C53: 17 | D53: 7 | E53: S-SC543-543 (CTC-DC-000-SD-006) | F53: FINE SCREENS SCREW CONVEYOR | G53: 螺旋式輸送機(QUILTON) | H53: 第11314章 螺旋式輸送機 | I53: =IF(J53="","",J53-30) -> 46014 | J53: =IF(K53="","",K53-30) -> 46044 | K53: 46074 | L53: =IF(I53="","",IF(P53<>"","",IF(AND(P53="",I53-TODAY()<=60),I53-TODAY(),""))) | M53: =IF(COUNT(I53, P53)=2, I53-P53, "") | O53: 0-A | P53: 114/11/21 | Q53: 鼎水資字第 1140001370號 | R53: 45999 | S53: 艾奕康水字第114003350號 | T53: 檢退 | AB53: S-SC37-037 | AC53: 0-A | AD53: 46119 | AE53: 鼎水資字第1150000540號 | AF53: 46134 | AG53: 艾奕康水字第1150008631號 | AH53: 審查同意 | AI53: 46134 | AJ53: 艾奕康水字第1150008631號 | AK53: 審定 | AL53: 46148 | AM53: 水北多字第11522022760號 | AN53: 核定
L54: =IF(I54="","",IF(P54<>"","",IF(AND(P54="",I54-TODAY()<=60),I54-TODAY(),""))) | M54: =IF(COUNT(I54, P54)=2, I54-P54, "") | O54: 0-B | P54: 46006 | Q54: 鼎水資字第1140001508號 | R54: 46038 | S54: 艾奕康水字第1140035464號 | T54: 審查同意 | U54: 46041 | V54: 艾奕康水字第1150002272號 | W54: 審定
L55: =IF(I55="","",IF(P55<>"","",IF(AND(P55="",I55-TODAY()<=60),I55-TODAY(),""))) | M55: =IF(COUNT(I55, P55)=2, I55-P55, "") | N55: 核定 | O55: 1-A | P55: 46065 | Q55: 鼎水資字第1150000274號 | R55: 46087 | S55: 艾奕康水字第1150004908號 | T55: 審查同意 | U55: 46087 | V55: 艾奕康水字第1150004908號 | W55: 審定 | X55: 46100 | Y55: 水北多字第11522011710號 | Z55: 核定
C56: 18 | D56: 40+41 | E56: S-SC24-024 (CTC-DC-000-SD-011) | F56: CIP & FLUSHING PUMPS - FIRST PASS & Second Pass 一級+二級海淡 CIP & 沖洗泵 | G56: 臥式離心泵1 (ANDRITZ) | H56: 第11315A章 臥式離心泵(1) | I56: =IF(J56="","",J56-30) -> 46143 | J56: =IF(K56="","",K56-30) -> 46173 | K56: 46203 | L56: =IF(I56="","",IF(P56<>"","",IF(AND(P56="",I56-TODAY()<=60),I56-TODAY(),""))) | M56: =IF(COUNT(I56, P56)=2, I56-P56, "") -> 94 | N56: 核定 | O56: 0-A | P56: 46049 | Q56: 鼎水資字第1150000136號 | R56: 46056 | S56: 艾奕康水字第1150003239號 | T56: 審查同意 | U56: 46058 | V56: 艾奕康水字第1150003757號 | W56: 審定 | X56: 46100 | Y56: 水北多字第11522008140號 | Z56: 核定 | AB56: S-SC47-047 | AC56: 0-A | AD56: 46149 | AE56: 鼎水資字第1150000740號
L57: =IF(I57="","",IF(P57<>"","",IF(AND(P57="",I57-TODAY()<=60),I57-TODAY(),""))) | M57: =IF(COUNT(I57, P57)=2, I57-P57, "")
L58: =IF(I58="","",IF(P58<>"","",IF(AND(P58="",I58-TODAY()<=60),I58-TODAY(),""))) | M58: =IF(COUNT(I58, P58)=2, I58-P58, "")
C59: 19 | D59: 64+70 | E59: S-SC515-515 (CTC-DC-000-SD-022) | F59: LIME SATURATOR FEED PUMPS 石灰飽和器供水泵 LIME SATURATED PUMPS 石灰飽和水泵 | G59: 離心泵(ANDRITZ) | H59: 第11315B章 離心泵 | I59: =IF(J59="","",J59-30) -> 46143 | J59: =IF(K59="","",K59-30) -> 46173 | K59: 46203 | L59: =IF(I59="","",IF(P59<>"","",IF(AND(P59="",I59-TODAY()<=60),I59-TODAY(),""))) | M59: =IF(COUNT(I59, P59)=2, I59-P59, "") -> 79 | N59: 核定 | O59: 0-A | P59: 46064 | Q59: 鼎水資字第1150000262號 | R59: 46097 | S59: 艾奕康水字第1150005370號 | T59: 審查同意 | U59: 46097 | V59: 艾奕康水字第1150005370號 | W59: 審定 | X59: 46106 | Y59: 水北多字第11522013620號 | Z59: 核定
L60: =IF(I60="","",IF(P60<>"","",IF(AND(P60="",I60-TODAY()<=60),I60-TODAY(),""))) | M60: =IF(COUNT(I60, P60)=2, I60-P60, "")
L61: =IF(I61="","",IF(P61<>"","",IF(AND(P61="",I61-TODAY()<=60),I61-TODAY(),""))) | M61: =IF(COUNT(I61, P61)=2, I61-P61, "")
C62: 20 | D62: 71 | E62: S-SC516-516 (CTC-DC-000-SD-023) | F62: CO2 MOTIVE WATER PUMPS 二氧化碳溶解泵 | G62: 離心泵(BOMBAS IDEAL) | H62: 第11315B章 離心泵 | I62: =IF(J62="","",J62-30) -> 46177 | J62: =IF(K62="","",K62-30) -> 46207 | K62: 46237 | L62: =IF(I62="","",IF(P62<>"","",IF(AND(P62="",I62-TODAY()<=60),I62-TODAY(),""))) | M62: =IF(COUNT(I62, P62)=2, I62-P62, "") -> 113 | N62: 核定 | O62: 0-A | P62: 46064 | Q62: 鼎水資字第1150000266號 | R62: 46100 | S62: 艾奕康水字第1150005375號 | T62: 審查同意 | U62: 46100 | V62: 艾奕康水字第1150005375號 | W62: 審定 | X62: 46112 | Y62: 水北多字第11522015320號 | Z62: 核定
L63: =IF(I63="","",IF(P63<>"","",IF(AND(P63="",I63-TODAY()<=60),I63-TODAY(),""))) | M63: =IF(COUNT(I63, P63)=2, I63-P63, "")
L64: =IF(I64="","",IF(P64<>"","",IF(AND(P64="",I64-TODAY()<=60),I64-TODAY(),""))) | M64: =IF(COUNT(I64, P64)=2, I64-P64, "")
C65: 21 | D65: 133 | E65: S-SC517-517 (CTC-DC-000-SD-024) | F65: HPP MOTOR COOLING PUMP | G65: 離心泵(MUNSCH) | H65: 第11315B章 離心泵 | I65: =IF(J65="","",J65-30) -> 46143 | J65: =IF(K65="","",K65-30) -> 46173 | K65: 46203 | L65: =IF(I65="","",IF(P65<>"","",IF(AND(P65="",I65-TODAY()<=60),I65-TODAY(),""))) | M65: =IF(COUNT(I65, P65)=2, I65-P65, "") -> 79 | N65: 核定 | O65: 0-A | P65: 46064 | Q65: 鼎水資字第1150000267號 | R65: 46100 | S65: 艾奕康水字第1150005377號 | T65: 審查同意 | U65: 46100 | V65: 艾奕康水字第1150005377號 | W65: 審定 | X65: 46112 | Y65: 水北多字第11522015320號 | Z65: 核定
L66: =IF(I66="","",IF(P66<>"","",IF(AND(P66="",I66-TODAY()<=60),I66-TODAY(),""))) | M66: =IF(COUNT(I66, P66)=2, I66-P66, "")
L67: =IF(I67="","",IF(P67<>"","",IF(AND(P67="",I67-TODAY()<=60),I67-TODAY(),""))) | M67: =IF(COUNT(I67, P67)=2, I67-P67, "")
C68: 22 | D68: 5 | E68: S-SC503-503 (CTC-DC-000-SD-013) | F68: SEAWATER INTAKE PUMPS 海水取水泵 | G68: 沉水式泵浦(Indar) | H68: 第11315C章 沉水式泵浦 | I68: =IF(J68="","",J68-30) -> 46143 | J68: =IF(K68="","",K68-30) -> 46173 | K68: 46203 | L68: =IF(I68="","",IF(P68<>"","",IF(AND(P68="",I68-TODAY()<=60),I68-TODAY(),""))) | M68: =IF(COUNT(I68, P68)=2, I68-P68, "") -> 81 | N68: 核定 | O68: 0-A | P68: 46062 | Q68: 鼎水資字第1150000240號 | R68: 46097 | S68: 艾奕康水字第1150004919號 | T68: 審查同意 | U68: 46097 | V68: 艾奕康水字第1150004919號 | W68: 審定 | X68: 46112 | Y68: 水北多字第11522015630號 | Z68: 核定 | AB68: S-SC30-030 | AC68: 0-A | AD68: 46065 | AE68: 鼎水資字第1150000291號 | AF68: 46105 | AG68: 艾奕康水字第1150005388號 | AH68: 審查同意 | AI68: 46105 | AJ68: 艾奕康水字第1150005388號 | AK68: 審定
L69: =IF(I69="","",IF(P69<>"","",IF(AND(P69="",I69-TODAY()<=60),I69-TODAY(),""))) | M69: =IF(COUNT(I69, P69)=2, I69-P69, "") | AC69: 0-B | AD69: 46134 | AE69: 鼎水資字第1150000666號
L70: =IF(I70="","",IF(P70<>"","",IF(AND(P70="",I70-TODAY()<=60),I70-TODAY(),""))) | M70: =IF(COUNT(I70, P70)=2, I70-P70, "")
B71: 163 | C71: 23 | D71: 25 | E71: S-SC23-023 (CTC-DC-000-SD-010) | F71: HPP - HIGH PRESSURE PUMPS | G71: 高壓泵 (ANDRITZ) | H71: 第 11315D 高壓泵 | I71: =IF(J71="","",J71-30) -> 46058 | J71: =IF(K71="","",K71-30) -> 46088 | K71: 46118 | L71: =IF(I71="","",IF(P71<>"","",IF(AND(P71="",I71-TODAY()<=60),I71-TODAY(),""))) | M71: =IF(COUNT(I71, P71)=2, I71-P71, "") -> 9 | N71: 審查 | O71: 0-A | P71: 46049 | Q71: 鼎水資字第1150000138號 | R71: 46085 | S71: 艾奕康水字第1150004069號 | T71: 審查同意 | U71: 46085 | V71: 艾奕康水字第1150004069號 | W71: 審定 | AB71: S-SC29-029 | AC71: 0-A | AD71: 46065 | AE71: 鼎水資字第1150000290號 | AF71: 46105 | AG71: 艾奕康水字第1150005389號 | AH71: 審查同意 | AI71: 46105 | AJ71: 艾奕康水字第1150005389號 | AK71: 審定
L72: =IF(I72="","",IF(P72<>"","",IF(AND(P72="",I72-TODAY()<=60),I72-TODAY(),""))) | M72: =IF(COUNT(I72, P72)=2, I72-P72, "")
L73: =IF(I73="","",IF(P73<>"","",IF(AND(P73="",I73-TODAY()<=60),I73-TODAY(),""))) | M73: =IF(COUNT(I73, P73)=2, I73-P73, "")
C74: 24 | D74: 52+56 | E74: S-SC518-518 (CTC-DC-000-SD-025) | F74: NEUTRALIZATION PUMPS 中和水泵 THICKENERS INLET EFFLUENT PUMP 污泥濃縮池進水泵 | G74: 直立式泵(MUNSCH) | H74: 第11315E章 直立式渦輪泵 | I74: =IF(J74="","",J74-30) -> 46143 | J74: =IF(K74="","",K74-30) -> 46173 | K74: 46203 | L74: =IF(I74="","",IF(P74<>"","",IF(AND(P74="",I74-TODAY()<=60),I74-TODAY(),""))) | M74: =IF(COUNT(I74, P74)=2, I74-P74, "") -> 79 | N74: 核定 | O74: 0-A | P74: 46064 | Q74: 鼎水資字第1150000263號 | R74: 46087 | S74: 艾奕康水字第1150004904號 | T74: 審查同意 | U74: 46087 | V74: 艾奕康水字第1150004904號 | W74: 審定 | X74: 46105 | Y74: 水北多字第11522013580號 | Z74: 核定
L75: =IF(I75="","",IF(P75<>"","",IF(AND(P75="",I75-TODAY()<=60),I75-TODAY(),""))) | M75: =IF(COUNT(I75, P75)=2, I75-P75, "")
L76: =IF(I76="","",IF(P76<>"","",IF(AND(P76="",I76-TODAY()<=60),I76-TODAY(),""))) | M76: =IF(COUNT(I76, P76)=2, I76-P76, "")
B77: 187 | C77: 25 | D77: 13 | E77: S-SC25-025 (CTC-DC-000-SD-002) | F77: SEADAF PRESSURIZATION PUMPS 氣浮增壓泵 | G77: 臥式離心泵(2) (RuhrPumpen) | H77: 第11315F章 臥式離心泵(2) | I77: =IF(J77="","",J77-30) -> 45912 | J77: =IF(K77="","",K77-30) -> 45942 | K77: 45972 | L77: =IF(I77="","",IF(P77<>"","",IF(AND(P77="",I77-TODAY()<=60),I77-TODAY(),""))) | M77: =IF(COUNT(I77, P77)=2, I77-P77, "") -> 18 | O77: 0-A | P77: 45894 | Q77: 鼎水資字第1140000840號 | R77: 45898 | S77: 艾奕康水字第1140025330號 | T77: 檢退 | AB77: S-SC26-026 | AC77: 0-A | AD77: 46051 | AE77: 鼎水資字第1150000146號 | AF77: 46085 | AG77: 艾奕康水字第1150004070號 | AH77: 審查同意 | AI77: 46085 | AJ77: 艾奕康水字第1150004070號 | AK77: 審定
L78: =IF(I78="","",IF(P78<>"","",IF(AND(P78="",I78-TODAY()<=60),I78-TODAY(),""))) | M78: =IF(COUNT(I78, P78)=2, I78-P78, "") | O78: 0-B | P78: 45972 | Q78: 鼎水資字第1140001297號 | R78: 46001 | S78: 艾奕康水字第1140032408號 | T78: 同意-需補正 | U78: 46003 | V78: 艾奕康水字第1140035285號 | W78: 審定 | AC78: 0-B | AD78: 46134 | AE78: 鼎水資字第1150000666號
L79: =IF(I79="","",IF(P79<>"","",IF(AND(P79="",I79-TODAY()<=60),I79-TODAY(),""))) | M79: =IF(COUNT(I79, P79)=2, I79-P79, "") | N79: 核定 | O79: 0-C | P79: 46049 | Q79: 鼎水資字第1150000137號 | R79: 46084 | S79: 艾奕康水字第1150004068號 | T79: 審查同意 | U79: 46084 | V79: 艾奕康水字第1150004068號 | W79: 審定 | X79: 46100 | Y79: 水北多字第11522008140號 | Z79: 核定
B80: 156 | C80: 26 | D80: 61 | E80: S-SC520-520 (CTC-DC-000-SD-027) | F80: PRODUCT WATER PUMP SURGE VESSELS | G80: 配水池泵水錘吸收器 (CHARLATTE) | H80: 第11316 章 配水池輸水泵含水錘吸收器系統 | I80: =IF(J80="","",J80-30) -> 46116 | J80: =IF(K80="","",K80-30) -> 46146 | K80: 46176 | L80: =IF(I80="","",IF(P80<>"","",IF(AND(P80="",I80-TODAY()<=60),I80-TODAY(),""))) | M80: =IF(COUNT(I80, P80)=2, I80-P80, "") -> 52 | N80: 核定 | O80: 0-A | P80: 46064 | Q80: 鼎水資字第1150000276號 | R80: 46087 | S80: 艾奕康水字第1150004909號 | T80: 審查同意 | U80: 46087 | V80: 艾奕康水字第1150004909號 | W80: 審定 | X80: 46111 | Y80: 水北多字第11522011170號 | Z80: 核定
L81: =IF(I81="","",IF(P81<>"","",IF(AND(P81="",I81-TODAY()<=60),I81-TODAY(),""))) | M81: =IF(COUNT(I81, P81)=2, I81-P81, "")
L82: =IF(I82="","",IF(P82<>"","",IF(AND(P82="",I82-TODAY()<=60),I82-TODAY(),""))) | M82: =IF(COUNT(I82, P82)=2, I82-P82, "")
B83: 210 | C83: 27 | D83: 60 | E83: S-SC519-519 (CTC-DC-000-SD-026) | F83: PRODUCT WATER PUMPS | G83: 配水池輸送泵(ANDRITZ) | H83: 第11316 章 配水池輸水泵含水錘吸收器系統 | I83: =IF(J83="","",J83-30) -> 45778 | J83: =IF(K83="","",K83-30) -> 45808 | K83: 45838 | L83: =IF(I83="","",IF(P83<>"","",IF(AND(P83="",I83-TODAY()<=60),I83-TODAY(),""))) | M83: =IF(COUNT(I83, P83)=2, I83-P83, "") -> -288 | N83: 核定 | O83: 0-A | P83: 46066 | Q83: 鼎水資字第1150000302號 | R83: 46105 | S83: 艾奕康水字第1150005665號 | T83: 審查同意 | U83: 46105 | V83: 艾奕康水字第1150005665號 | W83: 審定 | X83: 46141 | Y83: 水北多字第11522014360號 | Z83: 核定
L84: =IF(I84="","",IF(P84<>"","",IF(AND(P84="",I84-TODAY()<=60),I84-TODAY(),""))) | M84: =IF(COUNT(I84, P84)=2, I84-P84, "")
L85: =IF(I85="","",IF(P85<>"","",IF(AND(P85="",I85-TODAY()<=60),I85-TODAY(),""))) | M85: =IF(COUNT(I85, P85)=2, I85-P85, "")
C86: 28 | D86: 55 | E86: S-SC504-504 (CTC-DC-000-SD-009) | F86: THICKENED SLUDGE PUMPS 濃縮污泥泵 | G86: 污泥泵(NETZSCH) | H86: 第11317章 污泥泵 | I86: =IF(J86="","",J86-30) -> 46143 | J86: =IF(K86="","",K86-30) -> 46173 | K86: 46203 | O86: 0-A | P86: 45996 | Q86: 鼎水資字第1140001457號 | R86: 46010 | S86: 艾奕康水字第1140034566號 | T86: 檢退
O87: 0-B | P87: 46028 | Q87: 鼎水資字第1150000022號 | R87: 46034 | S87: 艾奕康水字第1150001415號 | T87: 審查同意 | U87: 46035 | V87: 艾奕康水字第1150001850號 | W87: 審定
N88: 核定 | O88: 0-C | P88: 46062 | Q88: 鼎水資字第1150000241號 | R88: 46100 | S88: 艾奕康水字第1150005588號 | T88: 審查同意 | U88: 46100 | V88: 艾奕康水字第1150005588號 | W88: 審定 | X88: 46112 | Y88: 水北多字第11522015320號 | Z88: 核定
B89: 61 | C89: 29 | D89: 6 | E89: S-SC542-542 (CTC-DC-000-SD-005) | F89: FINE SCREENS 細篩機 | G89: 細篩機(QUILTON) | H89: 第11332章 細篩機 | I89: =IF(J89="","",J89-30) -> 46150 | J89: =IF(K89="","",K89-30) -> 46180 | K89: 46210 | L89: =IF(I89="","",IF(P89<>"","",IF(AND(P89="",I89-TODAY()<=60),I89-TODAY(),""))) | M89: =IF(AND(ISNUMBER(I89),ISNUMBER(P89)),I89-P89,"") -> 164 | O89: 0-A | P89: 45986 | Q89: 鼎水資字第1140001397號 | R89: 46007 | S89: 艾奕康水字第1140033595號 | T89: 檢退 | AB89: S-SC34-034 | AC89: 0-A | AD89: 46108 | AE89: 鼎水資字第1150000517 | AF89: 46133 | AG89: 艾奕康水字第1150008566號 | AH89: 審查同意 | AI89: 46133 | AJ89: 艾奕康水字第1150008566號 | AK89: 審定 | AL89: 46141 | AM89: 水北多字第11553046260號 | AN89: 核定
L90: =IF(I90="","",IF(P90<>"","",IF(AND(P90="",I90-TODAY()<=60),I90-TODAY(),""))) | M90: =IF(AND(ISNUMBER(I90),ISNUMBER(P90)),I90-P90,"") | O90: 0-B | P90: 46013 | Q90: 鼎水資字第1140001549號 | R90: 46031 | S90: 艾奕康水字第1140036044號 | T90: 審查同意 | U90: 46034 | V90: 艾奕康水字第1150001705號 | W90: 審定 | X90: 46057 | Y90: 水北多字第11522005070號 | Z90: 核定
L91: =IF(I91="","",IF(P91<>"","",IF(AND(P91="",I91-TODAY()<=60),I91-TODAY(),""))) | M91: =IF(AND(ISNUMBER(I91),ISNUMBER(P91)),I91-P91,"") | N91: 核定 | O91: 1-A | P91: 46064 | Q91: 鼎水資字第1150000264號 | R91: 46105 | S91: 艾奕康水字第1150005669號 | T91: 審查同意 | U91: 46105 | V91: 艾奕康水字第1150005669號 | W91: 審定 | X91: 46112 | Y91: 水北多字第11553033290號 | Z91: 核定
B92: 117 | C92: 30 | D92: 10 | E92: S-SC521-521 (CTC-DC-000-SD-028) | F92: SEADAF PRESSURIZATION VESSELS 氣浮池溶氣槽 | G92: 氣浮池溶氣槽(TREPOVI) | H92: 第11341章 氣浮池系統 | I92: =IF(J92="","",J92-30) -> 46170 | J92: =IF(K92="","",K92-30) -> 46200 | K92: 46230 | L92: =IF(I92="","",IF(P92<>"","",IF(AND(P92="",I92-TODAY()<=60),I92-TODAY(),""))) | M92: =IF(AND(ISNUMBER(I92),ISNUMBER(P92)),I92-P92,"") -> 106 | N92: 核定 | O92: 0-A | P92: 46064 | Q92: 鼎水資字第1150000284號 | R92: 46100 | S92: 艾奕康水字第1150005378號 | T92: 審查同意 | U92: 46100 | V92: 艾奕康水字第1150005378號 | W92: 審定 | X92: 46108 | Y92: 水北多字第11553031410號 | Z92: 核定
L93: =IF(I93="","",IF(P93<>"","",IF(AND(P93="",I93-TODAY()<=60),I93-TODAY(),""))) | M93: =IF(AND(ISNUMBER(I93),ISNUMBER(P93)),I93-P93,"")
L94: =IF(I94="","",IF(P94<>"","",IF(AND(P94="",I94-TODAY()<=60),I94-TODAY(),""))) | M94: =IF(AND(ISNUMBER(I94),ISNUMBER(P94)),I94-P94,"")
C95: 31 | D95: 57+58 | E95: S-SC522-522 (CTC-DC-000-SD-029) | F95: Polymer Preparation Unit | G95: 高分子絮凝劑製備單元(SERA) - 污泥濃縮槽高分子絮凝劑自動泡藥設備 脫水機高分子絮凝劑自動泡藥設備 石灰飽和高分子絮凝劑自動泡藥設備 | H95: 第11355章 高分子絮凝劑製備單元 | I95: =IF(J95="","",J95-30) -> 46143 | J95: =IF(K95="","",K95-30) -> 46173 | K95: 46203 | L95: =IF(I95="","",IF(P95<>"","",IF(AND(P95="",I95-TODAY()<=60),I95-TODAY(),""))) | M95: =IF(AND(ISNUMBER(I95),ISNUMBER(P95)),I95-P95,"") -> 65 | N95: 核定 | O95: 0-A | P95: 46078 | Q95: 鼎水資字第1150000338號 | R95: 46125 | S95: 艾奕康水字第1150007412號 | T95: 審查同意 | U95: 46125 | V95: 艾奕康水字第1150007412號 | W95: 審定 | X95: 46148 | Y95: 水北多字第11522022850號 | Z95: 核定
L96: =IF(I96="","",IF(P96<>"","",IF(AND(P96="",I96-TODAY()<=60),I96-TODAY(),""))) | M96: =IF(AND(ISNUMBER(I96),ISNUMBER(P96)),I96-P96,"")
L97: =IF(I97="","",IF(P97<>"","",IF(AND(P97="",I97-TODAY()<=60),I97-TODAY(),""))) | M97: =IF(AND(ISNUMBER(I97),ISNUMBER(P97)),I97-P97,"")
B98: 193 | C98: 32 | D98: 65 | E98: S-SC523-523 (CTC-DC-000-SD-030) | F98: LIME SILO 石灰料倉 LIME MILK PREPARATION TANK 石灰乳製備槽 | G98: 石灰乳製備系統(SODIMATE)-石灰料倉 | H98: 第11356章 石灰乳製備系統 | I98: =IF(J98="","",J98-30) -> 46127 | J98: =IF(K98="","",K98-30) -> 46157 | K98: 46187 | L98: =IF(I98="","",IF(P98<>"","",IF(AND(P98="",I98-TODAY()<=60),I98-TODAY(),""))) | M98: =IF(AND(ISNUMBER(I98),ISNUMBER(P98)),I98-P98,"") -> 49 | N98: 核定 | O98: 0-A | P98: 46078 | Q98: 鼎水資字第1150000339號 | R98: 46133 | S98: 艾奕康水字第1150008563號 | T98: 審查同意 | U98: 46133 | V98: 艾奕康水字第1150008563號 | W98: 審定 | X98: 115/5/5 | Y98: 水北多字第11522022990號 | Z98: 核定
L99: =IF(I99="","",IF(P99<>"","",IF(AND(P99="",I99-TODAY()<=60),I99-TODAY(),""))) | M99: =IF(AND(ISNUMBER(I99),ISNUMBER(P99)),I99-P99,"") | O99: 0-B
L100: =IF(I100="","",IF(P100<>"","",IF(AND(P100="",I100-TODAY()<=60),I100-TODAY(),""))) | M100: =IF(AND(ISNUMBER(I100),ISNUMBER(P100)),I100-P100,"") | O100: 0-C
...

Sheet 10-7電力儀控
D1: 新竹海水淡化廠興建及操作維護(興建部分) 電力儀控材料設備送審管制總表
A2: 窗口負責人 | C2: 品管現用版本項次 | D2: 項次 | E2: PN | F2: 編碼 | G2: English | H2: 文件 | I2: 規範 | L2: 預定送審 (進場前60天) | M2: 預定廠驗 (進場前30天) | N2: 預定進場 | O2: 送審預警天數(60天內才顯示) | P2: 送審延遲 | Q2: 程序 | R2: 版次 | S2: 審查情形 | AD2: 備註
B3: ON Shore PO | J3: 優先順序 | K3: 廠商 | O3: 辦理預警 | S3: 統包商 | U3: 監造 | X3: 專管 | AA3: 機關(北水分署)
S4: 日期 | T4: 文號 | U4: 日期 | V4: 文號 | W4: 結果 | X4: 日期 | Y4: 文號 | Z4: 結果 | AA4: 日期 | AB4: 文號 | AC4: 結果
C5: 168 | D5: 1 | E5: 120 | G5: LABORATORY EQUIPMENT | H5: 實驗室設備 | I5: 第11610章 試驗室設備規格 | J5: D | L5: =IF(M5="","",M5-30) -> 46311 | M5: =IF(N5="","",N5-30) -> 46341 | N5: 46371 | O5: =IF(L5="","",IF(S5<>"","",IF(AND(S5="",L5-TODAY()<=60),L5-TODAY(),""))) | P5: =IF(COUNT(L5, S5)=2, L5-S5, "") | R5: 0-A
O6: =IF(L6="","",IF(S6<>"","",IF(AND(S6="",L6-TODAY()<=60),L6-TODAY(),""))) | P6: =IF(COUNT(L6, S6)=2, L6-S6, "") | R6: 0-B | Z6: =IF(X6="","",IF(W6="檢退","檢退",IF(W6="審查同意","審定","檢退")))
O7: =IF(L7="","",IF(S7<>"","",IF(AND(S7="",L7-TODAY()<=60),L7-TODAY(),""))) | P7: =IF(COUNT(L7, S7)=2, L7-S7, "") | R7: 0-C | Z7: =IF(X7="","",IF(W7="檢退","檢退",IF(W7="審查同意","審定","檢退")))
D8: 2 | F8: S-SC05-005 | H8: 避雷接地設備(一)送審與供料商-萬昌/洛基 | I8: 第13100章 避雷設備 | L8: =IF(M8="","",M8-30) -> 45824 | M8: =IF(N8="","",N8-30) -> 45854 | N8: 45884 | O8: =IF(L8="","",IF(S8<>"","",IF(AND(S8="",L8-TODAY()<=60),L8-TODAY(),""))) | P8: =IF(COUNT(L8, S8)=2, L8-S8, "") -> -102 | R8: 0-A | S8: 45926 | T8: 鼎水資字第1140001052號 | U8: 45939 | V8: 艾奕康水字第1140028463號 | W8: 檢退-規範未核定
J9: A | O9: =IF(L9="","",IF(S9<>"","",IF(AND(S9="",L9-TODAY()<=60),L9-TODAY(),""))) | P9: =IF(COUNT(L9, S9)=2, L9-S9, "") | R9: 0-A | S9: 45987 | T9: 鼎水資字第1140001414號 | U9: 45999 | V9: 艾奕康水字第1140033723號 | W9: 檢退
O10: =IF(L10="","",IF(S10<>"","",IF(AND(S10="",L10-TODAY()<=60),L10-TODAY(),""))) | P10: =IF(COUNT(L10, S10)=2, L10-S10, "") | Q10: 核定 | R10: 0-B | S10: 46017 | T10: 鼎水資字第1140001570號 | U10: 46027 | V10: 艾奕康水字第1140036289號 | W10: 審查同意 | X10: 46031 | Y10: 艾奕康水字第1150001306號 | Z10: 審定 | AA10: 46038 | AB10: 水北多字第11553004230號 | AC10: 核定
C11: 140 | D11: 3 | E11: 201 | G11: LEVEL TRANSMITTERS | H11: 液位傳送器 | I11: 第13410章 監測、控制及分析儀表 | L11: =IF(M11="","",M11-30) -> 46311 | M11: =IF(N11="","",N11-30) -> 46341 | N11: 46371 | O11: =IF(L11="","",IF(S11<>"","",IF(AND(S11="",L11-TODAY()<=60),L11-TODAY(),""))) | P11: =IF(COUNT(L11, S11)=2, L11-S11, "") | R11: 0-A
J12: D | K12: 2.32 2.32 | O12: =IF(L12="","",IF(S12<>"","",IF(AND(S12="",L12-TODAY()<=60),L12-TODAY(),""))) | P12: =IF(COUNT(L12, S12)=2, L12-S12, "") | R12: 0-B | Z12: =IF(X12="","",IF(W12="檢退","檢退",IF(W12="審查同意","審定","檢退")))
O13: =IF(L13="","",IF(S13<>"","",IF(AND(S13="",L13-TODAY()<=60),L13-TODAY(),""))) | P13: =IF(COUNT(L13, S13)=2, L13-S13, "") | R13: 0-C | Z13: =IF(X13="","",IF(W13="檢退","檢退",IF(W13="審查同意","審定","檢退")))
C14: 78 | D14: 4 | E14: 202 | G14: VIBRATION LEVEL SWITCH | H14: 浮球液位開關 | I14: 第13410章 監測、控制及分析儀表 | J14: D | L14: =IF(M14="","",M14-30) -> 46311 | M14: =IF(N14="","",N14-30) -> 46341 | N14: 46371 | O14: =IF(L14="","",IF(S14<>"","",IF(AND(S14="",L14-TODAY()<=60),L14-TODAY(),""))) | P14: =IF(COUNT(L14, S14)=2, L14-S14, "") | R14: 0-A
O15: =IF(L15="","",IF(S15<>"","",IF(AND(S15="",L15-TODAY()<=60),L15-TODAY(),""))) | P15: =IF(COUNT(L15, S15)=2, L15-S15, "") | R15: 0-B | Z15: =IF(X15="","",IF(W15="檢退","檢退",IF(W15="審查同意","審定","檢退")))
K16: 2.2 | O16: =IF(L16="","",IF(S16<>"","",IF(AND(S16="",L16-TODAY()<=60),L16-TODAY(),""))) | P16: =IF(COUNT(L16, S16)=2, L16-S16, "") | R16: 0-C | Z16: =IF(X16="","",IF(W16="檢退","檢退",IF(W16="審查同意","審定","檢退")))
C17: 141 | D17: 5 | E17: 202 | G17: VIBRATION LEVEL SWITCH | H17: 音叉液位開關 | I17: 第13410章 監測、控制及分析儀表 | L17: =IF(M17="","",M17-30) -> 46311 | M17: =IF(N17="","",N17-30) -> 46341 | N17: 46371 | O17: =IF(L17="","",IF(S17<>"","",IF(AND(S17="",L17-TODAY()<=60),L17-TODAY(),""))) | P17: =IF(COUNT(L17, S17)=2, L17-S17, "") | R17: 0-A
J18: D | K18: 2.2 | O18: =IF(L18="","",IF(S18<>"","",IF(AND(S18="",L18-TODAY()<=60),L18-TODAY(),""))) | P18: =IF(COUNT(L18, S18)=2, L18-S18, "") | R18: 0-B | Z18: =IF(X18="","",IF(W18="檢退","檢退",IF(W18="審查同意","審定","檢退")))
O19: =IF(L19="","",IF(S19<>"","",IF(AND(S19="",L19-TODAY()<=60),L19-TODAY(),""))) | P19: =IF(COUNT(L19, S19)=2, L19-S19, "") | R19: 0-C | Z19: =IF(X19="","",IF(W19="檢退","檢退",IF(W19="審查同意","審定","檢退")))
C20: 135 | D20: 6 | E20: 206 | G20: LEVEL INDICATOR | H20: 液位計(雷達波) | I20: 第13410章 監測、控制及分析儀表 | L20: =IF(M20="","",M20-30) -> 46311 | M20: =IF(N20="","",N20-30) -> 46341 | N20: 46371 | O20: =IF(L20="","",IF(S20<>"","",IF(AND(S20="",L20-TODAY()<=60),L20-TODAY(),""))) | P20: =IF(COUNT(L20, S20)=2, L20-S20, "") | R20: 0-A
J21: D | K21: 2.2 | O21: =IF(L21="","",IF(S21<>"","",IF(AND(S21="",L21-TODAY()<=60),L21-TODAY(),""))) | P21: =IF(COUNT(L21, S21)=2, L21-S21, "") | R21: 0-B | Z21: =IF(X21="","",IF(W21="檢退","檢退",IF(W21="審查同意","審定","檢退")))
O22: =IF(L22="","",IF(S22<>"","",IF(AND(S22="",L22-TODAY()<=60),L22-TODAY(),""))) | P22: =IF(COUNT(L22, S22)=2, L22-S22, "") | R22: 0-C | Z22: =IF(X22="","",IF(W22="檢退","檢退",IF(W22="審查同意","審定","檢退")))
C23: 135 | D23: 7 | E23: 206 | G23: LEVEL INDICATOR | H23: 液位計(壓力式) | I23: 第13410章 監測、控制及分析儀表 | L23: =IF(M23="","",M23-30) -> 46311 | M23: =IF(N23="","",N23-30) -> 46341 | N23: 46371 | O23: =IF(L23="","",IF(S23<>"","",IF(AND(S23="",L23-TODAY()<=60),L23-TODAY(),""))) | P23: =IF(COUNT(L23, S23)=2, L23-S23, "") | R23: 0-A
J24: D | K24: 2.2 | O24: =IF(L24="","",IF(S24<>"","",IF(AND(S24="",L24-TODAY()<=60),L24-TODAY(),""))) | P24: =IF(COUNT(L24, S24)=2, L24-S24, "") | R24: 0-B | Z24: =IF(X24="","",IF(W24="檢退","檢退",IF(W24="審查同意","審定","檢退")))
O25: =IF(L25="","",IF(S25<>"","",IF(AND(S25="",L25-TODAY()<=60),L25-TODAY(),""))) | P25: =IF(COUNT(L25, S25)=2, L25-S25, "") | R25: 0-C | Z25: =IF(X25="","",IF(W25="檢退","檢退",IF(W25="審查同意","審定","檢退")))
C26: 135 | D26: 8 | E26: 206 | G26: LEVEL INDICATOR | H26: 液位計(電容式) | I26: 第13410章 監測、控制及分析儀表 | L26: =IF(M26="","",M26-30) -> 46311 | M26: =IF(N26="","",N26-30) -> 46341 | N26: 46371 | O26: =IF(L26="","",IF(S26<>"","",IF(AND(S26="",L26-TODAY()<=60),L26-TODAY(),""))) | P26: =IF(COUNT(L26, S26)=2, L26-S26, "") | R26: 0-A
J27: D | K27: 2.2 | O27: =IF(L27="","",IF(S27<>"","",IF(AND(S27="",L27-TODAY()<=60),L27-TODAY(),""))) | P27: =IF(COUNT(L27, S27)=2, L27-S27, "") | R27: 0-B | Z27: =IF(X27="","",IF(W27="檢退","檢退",IF(W27="審查同意","審定","檢退")))
O28: =IF(L28="","",IF(S28<>"","",IF(AND(S28="",L28-TODAY()<=60),L28-TODAY(),""))) | P28: =IF(COUNT(L28, S28)=2, L28-S28, "") | R28: 0-C | Z28: =IF(X28="","",IF(W28="檢退","檢退",IF(W28="審查同意","審定","檢退")))
D29: 9 | G29: Gas detector | H29: 氣體偵測器 | I29: 第13410章 監測、控制及分析儀表 | L29: =IF(M29="","",M29-30) -> 46311 | M29: =IF(N29="","",N29-30) -> 46341 | N29: 46371 | O29: =IF(L29="","",IF(S29<>"","",IF(AND(S29="",L29-TODAY()<=60),L29-TODAY(),""))) | P29: =IF(COUNT(L29, S29)=2, L29-S29, "") | R29: 0-A
J30: D | K30: 2.2 | O30: =IF(L30="","",IF(S30<>"","",IF(AND(S30="",L30-TODAY()<=60),L30-TODAY(),""))) | P30: =IF(COUNT(L30, S30)=2, L30-S30, "") | R30: 0-B | Z30: =IF(X30="","",IF(W30="檢退","檢退",IF(W30="審查同意","審定","檢退")))
O31: =IF(L31="","",IF(S31<>"","",IF(AND(S31="",L31-TODAY()<=60),L31-TODAY(),""))) | P31: =IF(COUNT(L31, S31)=2, L31-S31, "") | R31: 0-C | Z31: =IF(X31="","",IF(W31="檢退","檢退",IF(W31="審查同意","審定","檢退")))
C32: 142 | D32: 10 | E32: 210 | G32: PRESSURE TRANSMITTER | H32: 壓力傳送器 | I32: 第13410章 監測、控制及分析儀表 | J32: D | L32: =IF(M32="","",M32-30) -> 46311 | M32: =IF(N32="","",N32-30) -> 46341 | N32: 46371 | O32: =IF(L32="","",IF(S32<>"","",IF(AND(S32="",L32-TODAY()<=60),L32-TODAY(),""))) | P32: =IF(COUNT(L32, S32)=2, L32-S32, "") | R32: 0-A
K33: 2.23 | O33: =IF(L33="","",IF(S33<>"","",IF(AND(S33="",L33-TODAY()<=60),L33-TODAY(),""))) | P33: =IF(COUNT(L33, S33)=2, L33-S33, "") | R33: 0-B | Z33: =IF(X33="","",IF(W33="檢退","檢退",IF(W33="審查同意","審定","檢退")))
O34: =IF(L34="","",IF(S34<>"","",IF(AND(S34="",L34-TODAY()<=60),L34-TODAY(),""))) | P34: =IF(COUNT(L34, S34)=2, L34-S34, "") | R34: 0-C | Z34: =IF(X34="","",IF(W34="檢退","檢退",IF(W34="審查同意","審定","檢退")))
C35: 76 | D35: 11 | E35: 211 | G35: PRESSURE SWITCH | H35: 壓力開關 | I35: 第13410章 監測、控制及分析儀表 | L35: =IF(M35="","",M35-30) -> 46311 | M35: =IF(N35="","",N35-30) -> 46341 | N35: 46371 | O35: =IF(L35="","",IF(S35<>"","",IF(AND(S35="",L35-TODAY()<=60),L35-TODAY(),""))) | P35: =IF(COUNT(L35, S35)=2, L35-S35, "") | R35: 0-A
J36: D | K36: 2.21 | O36: =IF(L36="","",IF(S36<>"","",IF(AND(S36="",L36-TODAY()<=60),L36-TODAY(),""))) | P36: =IF(COUNT(L36, S36)=2, L36-S36, "") | R36: 0-B | Z36: =IF(X36="","",IF(W36="檢退","檢退",IF(W36="審查同意","審定","檢退")))
O37: =IF(L37="","",IF(S37<>"","",IF(AND(S37="",L37-TODAY()<=60),L37-TODAY(),""))) | P37: =IF(COUNT(L37, S37)=2, L37-S37, "") | R37: 0-C | Z37: =IF(X37="","",IF(W37="檢退","檢退",IF(W37="審查同意","審定","檢退")))
C38: 136 | D38: 12 | E38: 212 | G38: PRESSURE GAUGE | H38: 壓力計 | I38: 第13410章 監測、控制及分析儀表 | J38: D | L38: =IF(M38="","",M38-30) -> 46311 | M38: =IF(N38="","",N38-30) -> 46341 | N38: 46371 | O38: =IF(L38="","",IF(S38<>"","",IF(AND(S38="",L38-TODAY()<=60),L38-TODAY(),""))) | P38: =IF(COUNT(L38, S38)=2, L38-S38, "") | R38: 0-A
K39: 2.22 | O39: =IF(L39="","",IF(S39<>"","",IF(AND(S39="",L39-TODAY()<=60),L39-TODAY(),""))) | P39: =IF(COUNT(L39, S39)=2, L39-S39, "") | R39: 0-B | Z39: =IF(X39="","",IF(W39="檢退","檢退",IF(W39="審查同意","審定","檢退")))
O40: =IF(L40="","",IF(S40<>"","",IF(AND(S40="",L40-TODAY()<=60),L40-TODAY(),""))) | P40: =IF(COUNT(L40, S40)=2, L40-S40, "") | R40: 0-C | Z40: =IF(X40="","",IF(W40="檢退","檢退",IF(W40="審查同意","審定","檢退")))
C41: 180 | D41: 13 | E41: 221 | G41: ELECTROMAGNETIC FLOWMETER | H41: 電磁流量計 | I41: 第13410章 監測、控制及分析儀表 | L41: =IF(M41="","",M41-30) -> 46311 | M41: =IF(N41="","",N41-30) -> 46341 | N41: 46371 | O41: =IF(L41="","",IF(S41<>"","",IF(AND(S41="",L41-TODAY()<=60),L41-TODAY(),""))) | P41: =IF(COUNT(L41, S41)=2, L41-S41, "") | R41: 0-A
J42: D | K42: 2.16 | O42: =IF(L42="","",IF(S42<>"","",IF(AND(S42="",L42-TODAY()<=60),L42-TODAY(),""))) | P42: =IF(COUNT(L42, S42)=2, L42-S42, "") | R42: 0-B | Z42: =IF(X42="","",IF(W42="檢退","檢退",IF(W42="審查同意","審定","檢退")))
O43: =IF(L43="","",IF(S43<>"","",IF(AND(S43="",L43-TODAY()<=60),L43-TODAY(),""))) | P43: =IF(COUNT(L43, S43)=2, L43-S43, "") | R43: 0-C | Z43: =IF(X43="","",IF(W43="檢退","檢退",IF(W43="審查同意","審定","檢退")))
D44: 14 | G44: Differential pressure transmitter | H44: 差壓傳訊器 | I44: 第13410章 監測、控制及分析儀表 | J44: D | L44: =IF(M44="","",M44-30) -> 46325 | M44: =IF(N44="","",N44-30) -> 46355 | N44: 46385 | O44: =IF(L44="","",IF(S44<>"","",IF(AND(S44="",L44-TODAY()<=60),L44-TODAY(),""))) | P44: =IF(COUNT(L44, S44)=2, L44-S44, "") | R44: 0-A
O45: =IF(L45="","",IF(S45<>"","",IF(AND(S45="",L45-TODAY()<=60),L45-TODAY(),""))) | P45: =IF(COUNT(L45, S45)=2, L45-S45, "") | R45: 0-B | Z45: =IF(X45="","",IF(W45="檢退","檢退",IF(W45="審查同意","審定","檢退")))
O46: =IF(L46="","",IF(S46<>"","",IF(AND(S46="",L46-TODAY()<=60),L46-TODAY(),""))) | P46: =IF(COUNT(L46, S46)=2, L46-S46, "") | R46: 0-C | Z46: =IF(X46="","",IF(W46="檢退","檢退",IF(W46="審查同意","審定","檢退")))
D47: 15 | E47: 222 | G47: FLOW SWITCH | H47: 流量開關 | I47: 第13410章 監測、控制及分析儀表 | J47: D | L47: =IF(M47="","",M47-30) -> 46325 | M47: =IF(N47="","",N47-30) -> 46355 | N47: 46385 | O47: =IF(L47="","",IF(S47<>"","",IF(AND(S47="",L47-TODAY()<=60),L47-TODAY(),""))) | P47: =IF(COUNT(L47, S47)=2, L47-S47, "") | R47: 0-A
K48: 2.18 | O48: =IF(L48="","",IF(S48<>"","",IF(AND(S48="",L48-TODAY()<=60),L48-TODAY(),""))) | P48: =IF(COUNT(L48, S48)=2, L48-S48, "") | R48: 0-B | Z48: =IF(X48="","",IF(W48="檢退","檢退",IF(W48="審查同意","審定","檢退")))
O49: =IF(L49="","",IF(S49<>"","",IF(AND(S49="",L49-TODAY()<=60),L49-TODAY(),""))) | P49: =IF(COUNT(L49, S49)=2, L49-S49, "") | R49: 0-C | Z49: =IF(X49="","",IF(W49="檢退","檢退",IF(W49="審查同意","審定","檢退")))
C50: 77 | D50: 16 | E50: 223 | G50: FLOW INDICATOR | H50: 流量計 | I50: 第13410章 監測、控制及分析儀表 | J50: D | L50: =IF(M50="","",M50-30) -> 46325 | M50: =IF(N50="","",N50-30) -> 46355 | N50: 46385 | O50: =IF(L50="","",IF(S50<>"","",IF(AND(S50="",L50-TODAY()<=60),L50-TODAY(),""))) | P50: =IF(COUNT(L50, S50)=2, L50-S50, "") | R50: 0-A
K51: 2.18 | O51: =IF(L51="","",IF(S51<>"","",IF(AND(S51="",L51-TODAY()<=60),L51-TODAY(),""))) | P51: =IF(COUNT(L51, S51)=2, L51-S51, "") | R51: 0-B | Z51: =IF(X51="","",IF(W51="檢退","檢退",IF(W51="審查同意","審定","檢退")))
O52: =IF(L52="","",IF(S52<>"","",IF(AND(S52="",L52-TODAY()<=60),L52-TODAY(),""))) | P52: =IF(COUNT(L52, S52)=2, L52-S52, "") | R52: 0-C | Z52: =IF(X52="","",IF(W52="檢退","檢退",IF(W52="審查同意","審定","檢退")))
C53: 77 | D53: 17 | E53: 249 | G53: PADDLEWHEEL FLOW INDICATION/SWITCH | H53: 槳輪式流量計 | I53: 第13410章 監測、控制及分析儀表 | J53: D | L53: =IF(M53="","",M53-30) -> 46325 | M53: =IF(N53="","",N53-30) -> 46355 | N53: 46385 | O53: =IF(L53="","",IF(S53<>"","",IF(AND(S53="",L53-TODAY()<=60),L53-TODAY(),""))) | P53: =IF(COUNT(L53, S53)=2, L53-S53, "") | R53: 0-A
K54: 2.18 | O54: =IF(L54="","",IF(S54<>"","",IF(AND(S54="",L54-TODAY()<=60),L54-TODAY(),""))) | P54: =IF(COUNT(L54, S54)=2, L54-S54, "") | R54: 0-B | Z54: =IF(X54="","",IF(W54="檢退","檢退",IF(W54="審查同意","審定","檢退")))
O55: =IF(L55="","",IF(S55<>"","",IF(AND(S55="",L55-TODAY()<=60),L55-TODAY(),""))) | P55: =IF(COUNT(L55, S55)=2, L55-S55, "") | R55: 0-C | Z55: =IF(X55="","",IF(W55="檢退","檢退",IF(W55="審查同意","審定","檢退")))
C56: 151 | D56: 18 | E56: 231 | G56: TEMPERATURE SWITCH | H56: 溫度開關 | I56: 第13410章 監測、控制及分析儀表 | L56: =IF(M56="","",M56-30) -> 46325 | M56: =IF(N56="","",N56-30) -> 46355 | N56: 46385 | O56: =IF(L56="","",IF(S56<>"","",IF(AND(S56="",L56-TODAY()<=60),L56-TODAY(),""))) | P56: =IF(COUNT(L56, S56)=2, L56-S56, "") | R56: 0-A
J57: D | K57: 2.29 | O57: =IF(L57="","",IF(S57<>"","",IF(AND(S57="",L57-TODAY()<=60),L57-TODAY(),""))) | P57: =IF(COUNT(L57, S57)=2, L57-S57, "") | R57: 0-B | Z57: =IF(X57="","",IF(W57="檢退","檢退",IF(W57="審查同意","審定","檢退")))
O58: =IF(L58="","",IF(S58<>"","",IF(AND(S58="",L58-TODAY()<=60),L58-TODAY(),""))) | P58: =IF(COUNT(L58, S58)=2, L58-S58, "") | R58: 0-C | Z58: =IF(X58="","",IF(W58="檢退","檢退",IF(W58="審查同意","審定","檢退")))
C59: 242 | D59: 19 | E59: 241 | G59: ANALYSERS (TU, CONDUCTIVITY,Salinity， PH, O2, CL2, ORP, TSS, COD) | H59: 分析儀(濁度,電導度,溶解性總固體,鹽度計,酸鹼值,,餘氯,氧化還原電位,總懸浮固體,化學需氧量,) | I59: 第13410章 監測、控制及分析儀表 | L59: =IF(M59="","",M59-30) -> 46325 | M59: =IF(N59="","",N59-30) -> 46355 | N59: 46385 | O59: =IF(L59="","",IF(S59<>"","",IF(AND(S59="",L59-TODAY()<=60),L59-TODAY(),""))) | P59: =IF(COUNT(L59, S59)=2, L59-S59, "") | R59: 0-A
J60: D | K60: 2.8 2.7 2.5 2.10 2.3 2.2 2.12 2.15 2.9 2.4 | O60: =IF(L60="","",IF(S60<>"","",IF(AND(S60="",L60-TODAY()<=60),L60-TODAY(),""))) | P60: =IF(COUNT(L60, S60)=2, L60-S60, "") | R60: 0-B | Z60: =IF(X60="","",IF(W60="檢退","檢退",IF(W60="審查同意","審定","檢退")))
O61: =IF(L61="","",IF(S61<>"","",IF(AND(S61="",L61-TODAY()<=60),L61-TODAY(),""))) | P61: =IF(COUNT(L61, S61)=2, L61-S61, "") | R61: 0-C | Z61: =IF(X61="","",IF(W61="檢退","檢退",IF(W61="審查同意","審定","檢退")))
C62: 78 | D62: 20 | E62: 243 | G62: ANALYSER (BORON) | H62: 分析儀(BORON) | I62: 第13410章 監測、控制及分析儀表 | L62: =IF(M62="","",M62-30) -> 46325 | M62: =IF(N62="","",N62-30) -> 46355 | N62: 46385 | O62: =IF(L62="","",IF(S62<>"","",IF(AND(S62="",L62-TODAY()<=60),L62-TODAY(),""))) | P62: =IF(COUNT(L62, S62)=2, L62-S62, "") | R62: 0-A
J63: D | K63: 2.6 | O63: =IF(L63="","",IF(S63<>"","",IF(AND(S63="",L63-TODAY()<=60),L63-TODAY(),""))) | P63: =IF(COUNT(L63, S63)=2, L63-S63, "") | R63: 0-B | Z63: =IF(X63="","",IF(W63="檢退","檢退",IF(W63="審查同意","審定","檢退")))
O64: =IF(L64="","",IF(S64<>"","",IF(AND(S64="",L64-TODAY()<=60),L64-TODAY(),""))) | P64: =IF(COUNT(L64, S64)=2, L64-S64, "") | R64: 0-C | Z64: =IF(X64="","",IF(W64="檢退","檢退",IF(W64="審查同意","審定","檢退")))
C65: 36 | D65: 21 | E65: 244 | G65: AUTOMATIC SDI ANALYSER | H65: SDI分析儀 | I65: 第13410章 監測、控制及分析儀表 | L65: =IF(M65="","",M65-30) -> 46311 | M65: =IF(N65="","",N65-30) -> 46341 | N65: 46371 | O65: =IF(L65="","",IF(S65<>"","",IF(AND(S65="",L65-TODAY()<=60),L65-TODAY(),""))) | P65: =IF(COUNT(L65, S65)=2, L65-S65, "") | R65: 0-A
J66: D | K66: 2.14 | O66: =IF(L66="","",IF(S66<>"","",IF(AND(S66="",L66-TODAY()<=60),L66-TODAY(),""))) | P66: =IF(COUNT(L66, S66)=2, L66-S66, "") | R66: 0-B | Z66: =IF(X66="","",IF(W66="檢退","檢退",IF(W66="審查同意","審定","檢退")))
O67: =IF(L67="","",IF(S67<>"","",IF(AND(S67="",L67-TODAY()<=60),L67-TODAY(),""))) | P67: =IF(COUNT(L67, S67)=2, L67-S67, "") | R67: 0-C | Z67: =IF(X67="","",IF(W67="檢退","檢退",IF(W67="審查同意","審定","檢退")))
C68: 148 | D68: 22 | E68: 245 | G68: CHLOROPHYLL ANALYSE | H68: 葉綠素分析儀 | I68: 第13410章 監測、控制及分析儀表 | L68: =IF(M68="","",M68-30) -> 46325 | M68: =IF(N68="","",N68-30) -> 46355 | N68: 46385 | O68: =IF(L68="","",IF(S68<>"","",IF(AND(S68="",L68-TODAY()<=60),L68-TODAY(),""))) | P68: =IF(COUNT(L68, S68)=2, L68-S68, "") | R68: 0-A
J69: D | K69: 2.1 | O69: =IF(L69="","",IF(S69<>"","",IF(AND(S69="",L69-TODAY()<=60),L69-TODAY(),""))) | P69: =IF(COUNT(L69, S69)=2, L69-S69, "") | R69: 0-B | Z69: =IF(X69="","",IF(W69="檢退","檢退",IF(W69="審查同意","審定","檢退")))
O70: =IF(L70="","",IF(S70<>"","",IF(AND(S70="",L70-TODAY()<=60),L70-TODAY(),""))) | P70: =IF(COUNT(L70, S70)=2, L70-S70, "") | R70: 0-C | Z70: =IF(X70="","",IF(W70="檢退","檢退",IF(W70="審查同意","審定","檢退")))
D71: 23 | E71: 260 | G71: GAS DETECTOR | H71: 瓦斯偵測器(新增) | I71: 第13410章 監測、控制及分析儀表 | L71: =IF(M71="","",M71-30) -> 46311 | M71: =IF(N71="","",N71-30) -> 46341 | N71: 46371 | O71: =IF(L71="","",IF(S71<>"","",IF(AND(S71="",L71-TODAY()<=60),L71-TODAY(),""))) | P71: =IF(COUNT(L71, S71)=2, L71-S71, "") | R71: 0-A
J72: D | K72: 2.33 | O72: =IF(L72="","",IF(S72<>"","",IF(AND(S72="",L72-TODAY()<=60),L72-TODAY(),""))) | P72: =IF(COUNT(L72, S72)=2, L72-S72, "") | R72: 0-B | Z72: =IF(X72="","",IF(W72="檢退","檢退",IF(W72="審查同意","審定","檢退")))
O73: =IF(L73="","",IF(S73<>"","",IF(AND(S73="",L73-TODAY()<=60),L73-TODAY(),""))) | P73: =IF(COUNT(L73, S73)=2, L73-S73, "") | R73: 0-C | Z73: =IF(X73="","",IF(W73="檢退","檢退",IF(W73="審查同意","審定","檢退")))
D74: 24 | E74: 248 | G74: ANALYSERS (TAC, TH) | H74: 分析儀(鹼度, 總硬度 )(新增) | I74: 第13410章 監測、控制及分析儀表 | L74: =IF(M74="","",M74-30) -> 46311 | M74: =IF(N74="","",N74-30) -> 46341 | N74: 46371 | O74: =IF(L74="","",IF(S74<>"","",IF(AND(S74="",L74-TODAY()<=60),L74-TODAY(),""))) | P74: =IF(COUNT(L74, S74)=2, L74-S74, "") | R74: 0-A
J75: D | K75: 2.11 2.13 | O75: =IF(L75="","",IF(S75<>"","",IF(AND(S75="",L75-TODAY()<=60),L75-TODAY(),""))) | P75: =IF(COUNT(L75, S75)=2, L75-S75, "") | R75: 0-B | Z75: =IF(X75="","",IF(W75="檢退","檢退",IF(W75="審查同意","審定","檢退")))
O76: =IF(L76="","",IF(S76<>"","",IF(AND(S76="",L76-TODAY()<=60),L76-TODAY(),""))) | P76: =IF(COUNT(L76, S76)=2, L76-S76, "") | R76: 0-C | Z76: =IF(X76="","",IF(W76="檢退","檢退",IF(W76="審查同意","審定","檢退")))
D77: 25 | H77: 純水製造裝置 | I77: 第11610章--試驗室設備規格 | J77: D | L77: =IF(M77="","",M77-30) -> 46325 | M77: =IF(N77="","",N77-30) -> 46355 | N77: 46385 | O77: =IF(L77="","",IF(S77<>"","",IF(AND(S77="",L77-TODAY()<=60),L77-TODAY(),""))) | P77: =IF(COUNT(L77, S77)=2, L77-S77, "") | R77: 0-A
O78: =IF(L78="","",IF(S78<>"","",IF(AND(S78="",L78-TODAY()<=60),L78-TODAY(),""))) | P78: =IF(COUNT(L78, S78)=2, L78-S78, "") | R78: 0-B | Z78: =IF(X78="","",IF(W78="檢退","檢退",IF(W78="審查同意","審定","檢退")))
O79: =IF(L79="","",IF(S79<>"","",IF(AND(S79="",L79-TODAY()<=60),L79-TODAY(),""))) | P79: =IF(COUNT(L79, S79)=2, L79-S79, "") | R79: 0-C | Z79: =IF(X79="","",IF(W79="檢退","檢退",IF(W79="審查同意","審定","檢退")))
D80: 26 | G80: Electronic balance | H80: 電子天平 | I80: 第11610章--試驗室設備規格 | J80: D | L80: =IF(M80="","",M80-30) -> 46325 | M80: =IF(N80="","",N80-30) -> 46355 | N80: 46385 | O80: =IF(L80="","",IF(S80<>"","",IF(AND(S80="",L80-TODAY()<=60),L80-TODAY(),""))) | P80: =IF(COUNT(L80, S80)=2, L80-S80, "") | R80: 0-A
O81: =IF(L81="","",IF(S81<>"","",IF(AND(S81="",L81-TODAY()<=60),L81-TODAY(),""))) | P81: =IF(COUNT(L81, S81)=2, L81-S81, "") | R81: 0-B | Z81: =IF(X81="","",IF(W81="檢退","檢退",IF(W81="審查同意","審定","檢退")))
O82: =IF(L82="","",IF(S82<>"","",IF(AND(S82="",L82-TODAY()<=60),L82-TODAY(),""))) | P82: =IF(COUNT(L82, S82)=2, L82-S82, "") | R82: 0-C | Z82: =IF(X82="","",IF(W82="檢退","檢退",IF(W82="審查同意","審定","檢退")))
D83: 27 | G83: Conductivity meter | H83: 導電度計 | I83: 第11610章--試驗室設備規格 | J83: D | L83: =IF(M83="","",M83-30) -> 46325 | M83: =IF(N83="","",N83-30) -> 46355 | N83: 46385 | O83: =IF(L83="","",IF(S83<>"","",IF(AND(S83="",L83-TODAY()<=60),L83-TODAY(),""))) | P83: =IF(COUNT(L83, S83)=2, L83-S83, "") | R83: 0-A
O84: =IF(L84="","",IF(S84<>"","",IF(AND(S84="",L84-TODAY()<=60),L84-TODAY(),""))) | P84: =IF(COUNT(L84, S84)=2, L84-S84, "") | R84: 0-B | Z84: =IF(X84="","",IF(W84="檢退","檢退",IF(W84="審查同意","審定","檢退")))
O85: =IF(L85="","",IF(S85<>"","",IF(AND(S85="",L85-TODAY()<=60),L85-TODAY(),""))) | P85: =IF(COUNT(L85, S85)=2, L85-S85, "") | R85: 0-C | Z85: =IF(X85="","",IF(W85="檢退","檢退",IF(W85="審查同意","審定","檢退")))
D86: 28 | G86: pH meter | H86: pH 計 | I86: 第11610章--試驗室設備規格 | J86: D | L86: =IF(M86="","",M86-30) -> 46325 | M86: =IF(N86="","",N86-30) -> 46355 | N86: 46385 | O86: =IF(L86="","",IF(S86<>"","",IF(AND(S86="",L86-TODAY()<=60),L86-TODAY(),""))) | P86: =IF(COUNT(L86, S86)=2, L86-S86, "") | R86: 0-A
O87: =IF(L87="","",IF(S87<>"","",IF(AND(S87="",L87-TODAY()<=60),L87-TODAY(),""))) | P87: =IF(COUNT(L87, S87)=2, L87-S87, "") | R87: 0-B | Z87: =IF(X87="","",IF(W87="檢退","檢退",IF(W87="審查同意","審定","檢退")))
O88: =IF(L88="","",IF(S88<>"","",IF(AND(S88="",L88-TODAY()<=60),L88-TODAY(),""))) | P88: =IF(COUNT(L88, S88)=2, L88-S88, "") | R88: 0-C | Z88: =IF(X88="","",IF(W88="檢退","檢退",IF(W88="審查同意","審定","檢退")))
D89: 29 | G89: Spectrophotometer | H89: 分光光度計 | I89: 第11610章--試驗室設備規格 | J89: D | L89: =IF(M89="","",M89-30) -> 46325 | M89: =IF(N89="","",N89-30) -> 46355 | N89: 46385 | O89: =IF(L89="","",IF(S89<>"","",IF(AND(S89="",L89-TODAY()<=60),L89-TODAY(),""))) | P89: =IF(COUNT(L89, S89)=2, L89-S89, "") | R89: 0-A
O90: =IF(L90="","",IF(S90<>"","",IF(AND(S90="",L90-TODAY()<=60),L90-TODAY(),""))) | P90: =IF(COUNT(L90, S90)=2, L90-S90, "") | R90: 0-B | Z90: =IF(X90="","",IF(W90="檢退","檢退",IF(W90="審查同意","審定","檢退")))
O91: =IF(L91="","",IF(S91<>"","",IF(AND(S91="",L91-TODAY()<=60),L91-TODAY(),""))) | P91: =IF(COUNT(L91, S91)=2, L91-S91, "") | R91: 0-C | Z91: =IF(X91="","",IF(W91="檢退","檢退",IF(W91="審查同意","審定","檢退")))
D92: 30 | G92: Turbidity meter | H92: 濁度計 | I92: 第11610章--試驗室設備規格 | J92: D | L92: =IF(M92="","",M92-30) -> 46325 | M92: =IF(N92="","",N92-30) -> 46355 | N92: 46385 | O92: =IF(L92="","",IF(S92<>"","",IF(AND(S92="",L92-TODAY()<=60),L92-TODAY(),""))) | P92: =IF(COUNT(L92, S92)=2, L92-S92, "") | R92: 0-A
O93: =IF(L93="","",IF(S93<>"","",IF(AND(S93="",L93-TODAY()<=60),L93-TODAY(),""))) | P93: =IF(COUNT(L93, S93)=2, L93-S93, "") | R93: 0-B | Z93: =IF(X93="","",IF(W93="檢退","檢退",IF(W93="審查同意","審定","檢退")))
O94: =IF(L94="","",IF(S94<>"","",IF(AND(S94="",L94-TODAY()<=60),L94-TODAY(),""))) | P94: =IF(COUNT(L94, S94)=2, L94-S94, "") | R94: 0-C | Z94: =IF(X94="","",IF(W94="檢退","檢退",IF(W94="審查同意","審定","檢退")))
D95: 31 | G95: Residual chlorine meter | H95: 餘氯計 | I95: 第11610章--試驗室設備規格 | J95: D | L95: =IF(M95="","",M95-30) -> 46325 | M95: =IF(N95="","",N95-30) -> 46355 | N95: 46385 | O95: =IF(L95="","",IF(S95<>"","",IF(AND(S95="",L95-TODAY()<=60),L95-TODAY(),""))) | P95: =IF(COUNT(L95, S95)=2, L95-S95, "") | R95: 0-A
O96: =IF(L96="","",IF(S96<>"","",IF(AND(S96="",L96-TODAY()<=60),L96-TODAY(),""))) | P96: =IF(COUNT(L96, S96)=2, L96-S96, "") | R96: 0-B | Z96: =IF(X96="","",IF(W96="檢退","檢退",IF(W96="審查同意","審定","檢退")))
O97: =IF(L97="","",IF(S97<>"","",IF(AND(S97="",L97-TODAY()<=60),L97-TODAY(),""))) | P97: =IF(COUNT(L97, S97)=2, L97-S97, "") | R97: 0-C | Z97: =IF(X97="","",IF(W97="檢退","檢退",IF(W97="審查同意","審定","檢退")))
D98: 32 | H98: 水質線上監測與數據傳輸系統 | I98: 第13410章--監測、控制及分析儀表 | J98: D | L98: =IF(M98="","",M98-30) -> 46325 | M98: =IF(N98="","",N98-30) -> 46355 | N98: 46385 | O98: =IF(L98="","",IF(S98<>"","",IF(AND(S98="",L98-TODAY()<=60),L98-TODAY(),""))) | P98: =IF(COUNT(L98, S98)=2, L98-S98, "") | R98: 0-A
O99: =IF(L99="","",IF(S99<>"","",IF(AND(S99="",L99-TODAY()<=60),L99-TODAY(),""))) | P99: =IF(COUNT(L99, S99)=2, L99-S99, "") | R99: 0-B | Z99: =IF(X99="","",IF(W99="檢退","檢退",IF(W99="審查同意","審定","檢退")))
O100: =IF(L100="","",IF(S100<>"","",IF(AND(S100="",L100-TODAY()<=60),L100-TODAY(),""))) | P100: =IF(COUNT(L100, S100)=2, L100-S100, "") | R100: 0-C | Z100: =IF(X100="","",IF(W100="檢退","檢退",IF(W100="審查同意","審定","檢退")))
...

Sheet 10-8管線閥類
C1: 新竹海水淡化廠興建及操作維護(興建部分) 管線閥類材料設備送審管制總表
A2: 窗口負責人 | B2: 品管現用版本項次 | C2: 項次 | D2: PN | E2: 編碼 | F2: English | G2: 文件 | I2: English | J2: 類別 | K2: 規範 | L2: 圖面 | N2: 預定送審 (進場前60天) | O2: 預定廠驗 (進場前30天) | P2: 預定進場 | Q2: 送審預警天數(60天內才顯示) | R2: 送審延遲 | S2: 程序 | T2: 版次 | U2: 審查情形 | AF2: 備註
H3: 優先順序 | M3: 廠商 | Q3: 辦理預警 | U3: 統包商 | W3: 監造 | Z3: 專管 | AC3: 機關(北水分署)
U4: 日期 | V4: 文號 | W4: 日期 | X4: 文號 | Y4: 結果 | Z4: 日期 | AA4: 文號 | AB4: 結果 | AC4: 日期 | AD4: 文號 | AE4: 結果
B5: 205 | C5: 1 | D5: 98 | F5: BUTTERFLY VALVES | G5: 蝶閥 | I5: MECH | J5: 機械 | M5: BELGICAST | N5: =IF(O5="","",O5-30) -> 46234 | O5: =IF(P5="","",P5-30) -> 46264 | P5: 46294 | Q5: =IF(N5="","",IF(U5<>"","",IF(AND(U5="",N5-TODAY()<=60),N5-TODAY(),""))) | R5: =IF(AND(ISNUMBER(N5),ISNUMBER(U5)),N5-U5,"") | T5: 0-A
Q6: =IF(N6="","",IF(U6<>"","",IF(AND(U6="",N6-TODAY()<=60),N6-TODAY(),""))) | R6: =IF(AND(ISNUMBER(N6),ISNUMBER(U6)),N6-U6,"") | T6: 0-B | AB6: =IF(Z6="","",IF(Y6="檢退","檢退",IF(Y6="審查同意","審定","檢退")))
Q7: =IF(N7="","",IF(U7<>"","",IF(AND(U7="",N7-TODAY()<=60),N7-TODAY(),""))) | R7: =IF(AND(ISNUMBER(N7),ISNUMBER(U7)),N7-U7,"") | T7: 0-C | AB7: =IF(Z7="","",IF(Y7="檢退","檢退",IF(Y7="審查同意","審定","檢退")))
B8: 118 | C8: =C5+1 -> 2 | D8: 99 | F8: HP CHECK VALVES | G8: 高壓逆止閥 | I8: MECH | J8: 機械 | M8: BELGICAST | N8: =IF(O8="","",O8-30) -> 46234 | O8: =IF(P8="","",P8-30) -> 46264 | P8: 46294 | Q8: =IF(N8="","",IF(U8<>"","",IF(AND(U8="",N8-TODAY()<=60),N8-TODAY(),""))) | R8: =IF(AND(ISNUMBER(N8),ISNUMBER(U8)),N8-U8,"") | T8: 0-A
Q9: =IF(N9="","",IF(U9<>"","",IF(AND(U9="",N9-TODAY()<=60),N9-TODAY(),""))) | R9: =IF(AND(ISNUMBER(N9),ISNUMBER(U9)),N9-U9,"") | T9: 0-A
Q10: =IF(N10="","",IF(U10<>"","",IF(AND(U10="",N10-TODAY()<=60),N10-TODAY(),""))) | R10: =IF(AND(ISNUMBER(N10),ISNUMBER(U10)),N10-U10,"") | T10: 0-B
B11: 206 | C11: =C8+1 -> 3 | D11: 100 | F11: LP METALLIC CHECK VALVES - BIG DN | G11: 低壓金屬逆止閥(大尺寸) | H11: A | I11: MECH | J11: 機械 | M11: BELGICAST | N11: =IF(O11="","",O11-30) -> 46204 | O11: =IF(P11="","",P11-30) -> 46234 | P11: 46264 | Q11: =IF(N11="","",IF(U11<>"","",IF(AND(U11="",N11-TODAY()<=60),N11-TODAY(),""))) -> 35 | R11: =IF(AND(ISNUMBER(N11),ISNUMBER(U11)),N11-U11,"") | T11: 0-A
Q12: =IF(N12="","",IF(U12<>"","",IF(AND(U12="",N12-TODAY()<=60),N12-TODAY(),""))) | R12: =IF(AND(ISNUMBER(N12),ISNUMBER(U12)),N12-U12,"") | T12: 0-B | AB12: =IF(Z12="","",IF(Y12="檢退","檢退",IF(Y12="審查同意","審定","檢退")))
Q13: =IF(N13="","",IF(U13<>"","",IF(AND(U13="",N13-TODAY()<=60),N13-TODAY(),""))) | R13: =IF(AND(ISNUMBER(N13),ISNUMBER(U13)),N13-U13,"") | T13: 0-C | AB13: =IF(Z13="","",IF(Y13="檢退","檢退",IF(Y13="審查同意","審定","檢退")))
B14: 243 | C14: =C11+1 -> 4 | D14: 101 | F14: LP METALLIC CHECK VALVES - BIG DN | G14: 低壓金屬逆止閥(小尺寸) | H14: A | I14: MECH | J14: 機械 | N14: =IF(O14="","",O14-30) -> 46234 | O14: =IF(P14="","",P14-30) -> 46264 | P14: 46294 | Q14: =IF(N14="","",IF(U14<>"","",IF(AND(U14="",N14-TODAY()<=60),N14-TODAY(),""))) | R14: =IF(AND(ISNUMBER(N14),ISNUMBER(U14)),N14-U14,"") | T14: 0-A
Q15: =IF(N15="","",IF(U15<>"","",IF(AND(U15="",N15-TODAY()<=60),N15-TODAY(),""))) | R15: =IF(AND(ISNUMBER(N15),ISNUMBER(U15)),N15-U15,"") | T15: 0-B | AB15: =IF(Z15="","",IF(Y15="檢退","檢退",IF(Y15="審查同意","審定","檢退")))
Q16: =IF(N16="","",IF(U16<>"","",IF(AND(U16="",N16-TODAY()<=60),N16-TODAY(),""))) | R16: =IF(AND(ISNUMBER(N16),ISNUMBER(U16)),N16-U16,"") | T16: 0-C | AB16: =IF(Z16="","",IF(Y16="檢退","檢退",IF(Y16="審查同意","審定","檢退")))
B17: 157 | C17: =C14+1 -> 5 | D17: 106 | F17: PLASTIC VALVES | G17: 塑膠閥 | I17: MECH | J17: 機械 | N17: =IF(O17="","",O17-30) -> 46234 | O17: =IF(P17="","",P17-30) -> 46264 | P17: 46294 | Q17: =IF(N17="","",IF(U17<>"","",IF(AND(U17="",N17-TODAY()<=60),N17-TODAY(),""))) | R17: =IF(AND(ISNUMBER(N17),ISNUMBER(U17)),N17-U17,"") | T17: 0-A
Q18: =IF(N18="","",IF(U18<>"","",IF(AND(U18="",N18-TODAY()<=60),N18-TODAY(),""))) | R18: =IF(AND(ISNUMBER(N18),ISNUMBER(U18)),N18-U18,"") | T18: 0-B | AB18: =IF(Z18="","",IF(Y18="檢退","檢退",IF(Y18="審查同意","審定","檢退")))
Q19: =IF(N19="","",IF(U19<>"","",IF(AND(U19="",N19-TODAY()<=60),N19-TODAY(),""))) | R19: =IF(AND(ISNUMBER(N19),ISNUMBER(U19)),N19-U19,"") | T19: 0-C | AB19: =IF(Z19="","",IF(Y19="檢退","檢退",IF(Y19="審查同意","審定","檢退")))
B20: 158 | C20: =C17+1 -> 6 | D20: 107 | F20: PLASTIC PRESSURE REDUCING/SUSTAINING VALVES | G20: 塑膠減壓/穩壓閥 | I20: MECH | J20: 機械 | N20: =IF(O20="","",O20-30) -> 46234 | O20: =IF(P20="","",P20-30) -> 46264 | P20: 46294 | Q20: =IF(N20="","",IF(U20<>"","",IF(AND(U20="",N20-TODAY()<=60),N20-TODAY(),""))) | R20: =IF(AND(ISNUMBER(N20),ISNUMBER(U20)),N20-U20,"") | T20: 0-A
Q21: =IF(N21="","",IF(U21<>"","",IF(AND(U21="",N21-TODAY()<=60),N21-TODAY(),""))) | R21: =IF(AND(ISNUMBER(N21),ISNUMBER(U21)),N21-U21,"") | T21: 0-B | AB21: =IF(Z21="","",IF(Y21="檢退","檢退",IF(Y21="審查同意","審定","檢退")))
Q22: =IF(N22="","",IF(U22<>"","",IF(AND(U22="",N22-TODAY()<=60),N22-TODAY(),""))) | R22: =IF(AND(ISNUMBER(N22),ISNUMBER(U22)),N22-U22,"") | T22: 0-C | AB22: =IF(Z22="","",IF(Y22="檢退","檢退",IF(Y22="審查同意","審定","檢退")))
B23: 159 | C23: =C20+1 -> 7 | D23: 108 | F23: PLASTIC AIR RELIEF VALVES | G23: 塑膠排氣閥 | I23: MECH | J23: 機械 | N23: =IF(O23="","",O23-30) -> 46234 | O23: =IF(P23="","",P23-30) -> 46264 | P23: 46294 | Q23: =IF(N23="","",IF(U23<>"","",IF(AND(U23="",N23-TODAY()<=60),N23-TODAY(),""))) | R23: =IF(AND(ISNUMBER(N23),ISNUMBER(U23)),N23-U23,"") | T23: 0-A
Q24: =IF(N24="","",IF(U24<>"","",IF(AND(U24="",N24-TODAY()<=60),N24-TODAY(),""))) | R24: =IF(AND(ISNUMBER(N24),ISNUMBER(U24)),N24-U24,"") | T24: 0-B | AB24: =IF(Z24="","",IF(Y24="檢退","檢退",IF(Y24="審查同意","審定","檢退")))
Q25: =IF(N25="","",IF(U25<>"","",IF(AND(U25="",N25-TODAY()<=60),N25-TODAY(),""))) | R25: =IF(AND(ISNUMBER(N25),ISNUMBER(U25)),N25-U25,"") | T25: 0-C | AB25: =IF(Z25="","",IF(Y25="檢退","檢退",IF(Y25="審查同意","審定","檢退")))
B26: 160 | C26: =C23+1 -> 8 | D26: 109 | F26: PRESSURE RELIEF VALVES | G26: 壓力排氣閥 | I26: MECH | J26: 機械 | N26: =IF(O26="","",O26-30) -> 46234 | O26: =IF(P26="","",P26-30) -> 46264 | P26: 46294 | Q26: =IF(N26="","",IF(U26<>"","",IF(AND(U26="",N26-TODAY()<=60),N26-TODAY(),""))) | R26: =IF(AND(ISNUMBER(N26),ISNUMBER(U26)),N26-U26,"") | T26: 0-A
Q27: =IF(N27="","",IF(U27<>"","",IF(AND(U27="",N27-TODAY()<=60),N27-TODAY(),""))) | R27: =IF(AND(ISNUMBER(N27),ISNUMBER(U27)),N27-U27,"") | T27: 0-B | AB27: =IF(Z27="","",IF(Y27="檢退","檢退",IF(Y27="審查同意","審定","檢退")))
Q28: =IF(N28="","",IF(U28<>"","",IF(AND(U28="",N28-TODAY()<=60),N28-TODAY(),""))) | R28: =IF(AND(ISNUMBER(N28),ISNUMBER(U28)),N28-U28,"") | T28: 0-C | AB28: =IF(Z28="","",IF(Y28="檢退","檢退",IF(Y28="審查同意","審定","檢退")))
B29: 147 | C29: =C26+1 -> 9 | D29: 114 | F29: EXPANSION BELLOWS | G29: 伸縮接頭 | I29: MECH | J29: 機械 | N29: =IF(O29="","",O29-30) -> 46234 | O29: =IF(P29="","",P29-30) -> 46264 | P29: 46294 | Q29: =IF(N29="","",IF(U29<>"","",IF(AND(U29="",N29-TODAY()<=60),N29-TODAY(),""))) | R29: =IF(AND(ISNUMBER(N29),ISNUMBER(U29)),N29-U29,"") | T29: 0-A
Q30: =IF(N30="","",IF(U30<>"","",IF(AND(U30="",N30-TODAY()<=60),N30-TODAY(),""))) | R30: =IF(AND(ISNUMBER(N30),ISNUMBER(U30)),N30-U30,"") | T30: 0-B | AB30: =IF(Z30="","",IF(Y30="檢退","檢退",IF(Y30="審查同意","審定","檢退")))
Q31: =IF(N31="","",IF(U31<>"","",IF(AND(U31="",N31-TODAY()<=60),N31-TODAY(),""))) | R31: =IF(AND(ISNUMBER(N31),ISNUMBER(U31)),N31-U31,"") | T31: 0-C | AB31: =IF(Z31="","",IF(Y31="檢退","檢退",IF(Y31="審查同意","審定","檢退")))
B32: 149 | C32: =C29+1 -> 10 | D32: 122 | F32: SCALE FOR TRUCKS | G32: 快速接頭 | I32: MECH | J32: 機械 | N32: =IF(O32="","",O32-30) -> 46234 | O32: =IF(P32="","",P32-30) -> 46264 | P32: 46294 | Q32: =IF(N32="","",IF(U32<>"","",IF(AND(U32="",N32-TODAY()<=60),N32-TODAY(),""))) | R32: =IF(AND(ISNUMBER(N32),ISNUMBER(U32)),N32-U32,"") | T32: 0-A
Q33: =IF(N33="","",IF(U33<>"","",IF(AND(U33="",N33-TODAY()<=60),N33-TODAY(),""))) | R33: =IF(AND(ISNUMBER(N33),ISNUMBER(U33)),N33-U33,"") | T33: 0-B | AB33: =IF(Z33="","",IF(Y33="檢退","檢退",IF(Y33="審查同意","審定","檢退")))
Q34: =IF(N34="","",IF(U34<>"","",IF(AND(U34="",N34-TODAY()<=60),N34-TODAY(),""))) | R34: =IF(AND(ISNUMBER(N34),ISNUMBER(U34)),N34-U34,"") | T34: 0-C | AB34: =IF(Z34="","",IF(Y34="檢退","檢退",IF(Y34="審查同意","審定","檢退")))
B35: 209 | C35: =C32+1 -> 11 | D35: 123 | F35: 2nd PASS BRINE CONTROL VALVE | G35: 二級RO鹵水控制閥 | I35: MECH | J35: 機械 | M35: CUÑADO | N35: =IF(O35="","",O35-30) -> 46234 | O35: =IF(P35="","",P35-30) -> 46264 | P35: 46294 | Q35: =IF(N35="","",IF(U35<>"","",IF(AND(U35="",N35-TODAY()<=60),N35-TODAY(),""))) | R35: =IF(AND(ISNUMBER(N35),ISNUMBER(U35)),N35-U35,"") | T35: 0-A
Q36: =IF(N36="","",IF(U36<>"","",IF(AND(U36="",N36-TODAY()<=60),N36-TODAY(),""))) | R36: =IF(AND(ISNUMBER(N36),ISNUMBER(U36)),N36-U36,"") | T36: 0-B | AB36: =IF(Z36="","",IF(Y36="檢退","檢退",IF(Y36="審查同意","審定","檢退")))
Q37: =IF(N37="","",IF(U37<>"","",IF(AND(U37="",N37-TODAY()<=60),N37-TODAY(),""))) | R37: =IF(AND(ISNUMBER(N37),ISNUMBER(U37)),N37-U37,"") | T37: 0-C | AB37: =IF(Z37="","",IF(Y37="檢退","檢退",IF(Y37="審查同意","審定","檢退")))
B38: 204 | C38: =C35+1 -> 12 | D38: 125 | F38: PLASTIC PIPES - HDPE - PVC - PP | G38: 玻璃纖維蓋板 | I38: MECH | J38: 機械 | M38: TADIPOL | N38: =IF(O38="","",O38-30) -> 46234 | O38: =IF(P38="","",P38-30) -> 46264 | P38: 46294 | Q38: =IF(N38="","",IF(U38<>"","",IF(AND(U38="",N38-TODAY()<=60),N38-TODAY(),""))) | R38: =IF(AND(ISNUMBER(N38),ISNUMBER(U38)),N38-U38,"") | T38: 0-A
Q39: =IF(N39="","",IF(U39<>"","",IF(AND(U39="",N39-TODAY()<=60),N39-TODAY(),""))) | R39: =IF(AND(ISNUMBER(N39),ISNUMBER(U39)),N39-U39,"") | T39: 0-B | AB39: =IF(Z39="","",IF(Y39="檢退","檢退",IF(Y39="審查同意","審定","檢退")))
Q40: =IF(N40="","",IF(U40<>"","",IF(AND(U40="",N40-TODAY()<=60),N40-TODAY(),""))) | R40: =IF(AND(ISNUMBER(N40),ISNUMBER(U40)),N40-U40,"") | T40: 0-C | AB40: =IF(Z40="","",IF(Y40="檢退","檢退",IF(Y40="審查同意","審定","檢退")))
B41: 105 | C41: =C38+1 -> 13 | D41: 127 | F41: PLASTIC PIPES - HDPE - PVC - PP | G41: 塑膠管 PLASTIC PIPES - HDPE - PVC - PP | H41: A | I41: MECH | J41: 機械 | M41: 佑義 | N41: =IF(O41="","",O41-30) -> 46234 | O41: =IF(P41="","",P41-30) -> 46264 | P41: 46294 | Q41: =IF(N41="","",IF(U41<>"","",IF(AND(U41="",N41-TODAY()<=60),N41-TODAY(),""))) | R41: =IF(AND(ISNUMBER(N41),ISNUMBER(U41)),N41-U41,"") | T41: 0-A
Q42: =IF(N42="","",IF(U42<>"","",IF(AND(U42="",N42-TODAY()<=60),N42-TODAY(),""))) | R42: =IF(AND(ISNUMBER(N42),ISNUMBER(U42)),N42-U42,"") | T42: 0-B | AB42: =IF(Z42="","",IF(Y42="檢退","檢退",IF(Y42="審查同意","審定","檢退")))
Q43: =IF(N43="","",IF(U43<>"","",IF(AND(U43="",N43-TODAY()<=60),N43-TODAY(),""))) | R43: =IF(AND(ISNUMBER(N43),ISNUMBER(U43)),N43-U43,"") | T43: 0-C | AB43: =IF(Z43="","",IF(Y43="檢退","檢退",IF(Y43="審查同意","審定","檢退")))
B44: 153 | C44: =C53+1 -> 15 | D44: 129 | F44: BOLTS AND NUTS | G44: 螺栓/螺帽 | I44: MECH | J44: 機械 | N44: =IF(O44="","",O44-30) -> 46234 | O44: =IF(P44="","",P44-30) -> 46264 | P44: 46294 | Q44: =IF(N44="","",IF(U44<>"","",IF(AND(U44="",N44-TODAY()<=60),N44-TODAY(),""))) | R44: =IF(AND(ISNUMBER(N44),ISNUMBER(U44)),N44-U44,"") | T44: 0-A
Q45: =IF(N45="","",IF(U45<>"","",IF(AND(U45="",N45-TODAY()<=60),N45-TODAY(),""))) | R45: =IF(AND(ISNUMBER(N45),ISNUMBER(U45)),N45-U45,"") | T45: 0-B | AB45: =IF(Z45="","",IF(Y45="檢退","檢退",IF(Y45="審查同意","審定","檢退")))
Q46: =IF(N46="","",IF(U46<>"","",IF(AND(U46="",N46-TODAY()<=60),N46-TODAY(),""))) | R46: =IF(AND(ISNUMBER(N46),ISNUMBER(U46)),N46-U46,"") | T46: 0-C | AB46: =IF(Z46="","",IF(Y46="檢退","檢退",IF(Y46="審查同意","審定","檢退")))
B47: 106 | C47: =C44+1 -> 16 | F47: Stainless steel pipes | G47: 不銹鋼管 | I47: MECH | J47: 機械 | N47: =IF(O47="","",O47-30) -> 46234 | O47: =IF(P47="","",P47-30) -> 46264 | P47: 46294 | Q47: =IF(N47="","",IF(U47<>"","",IF(AND(U47="",N47-TODAY()<=60),N47-TODAY(),""))) | R47: =IF(AND(ISNUMBER(N47),ISNUMBER(U47)),N47-U47,"") | T47: 0-A
Q48: =IF(N48="","",IF(U48<>"","",IF(AND(U48="",N48-TODAY()<=60),N48-TODAY(),""))) | R48: =IF(AND(ISNUMBER(N48),ISNUMBER(U48)),N48-U48,"") | T48: 0-B | AB48: =IF(Z48="","",IF(Y48="檢退","檢退",IF(Y48="審查同意","審定","檢退")))
Q49: =IF(N49="","",IF(U49<>"","",IF(AND(U49="",N49-TODAY()<=60),N49-TODAY(),""))) | R49: =IF(AND(ISNUMBER(N49),ISNUMBER(U49)),N49-U49,"") | T49: 0-C | AB49: =IF(Z49="","",IF(Y49="檢退","檢退",IF(Y49="審查同意","審定","檢退")))
B50: 107 | C50: =C47+1 -> 17 | F50: Galvanized steel pipes | G50: 鍍鋅鋼管 | I50: MECH | J50: 機械 | N50: =IF(O50="","",O50-30) -> 46234 | O50: =IF(P50="","",P50-30) -> 46264 | P50: 46294 | Q50: =IF(N50="","",IF(U50<>"","",IF(AND(U50="",N50-TODAY()<=60),N50-TODAY(),""))) | R50: =IF(AND(ISNUMBER(N50),ISNUMBER(U50)),N50-U50,"") | T50: 0-A
Q51: =IF(N51="","",IF(U51<>"","",IF(AND(U51="",N51-TODAY()<=60),N51-TODAY(),""))) | R51: =IF(AND(ISNUMBER(N51),ISNUMBER(U51)),N51-U51,"") | T51: 0-B | AB51: =IF(Z51="","",IF(Y51="檢退","檢退",IF(Y51="審查同意","審定","檢退")))
Q52: =IF(N52="","",IF(U52<>"","",IF(AND(U52="",N52-TODAY()<=60),N52-TODAY(),""))) | R52: =IF(AND(ISNUMBER(N52),ISNUMBER(U52)),N52-U52,"") | T52: 0-C | AB52: =IF(Z52="","",IF(Y52="檢退","檢退",IF(Y52="審查同意","審定","檢退")))
B53: 244 | C53: =C41+1 -> 14 | D53: 128 | F53: Plastic pipes | G53: 塑膠管 PLASTIC TUBBING | I53: INSTRU _ COTROL | J53: 儀控 | N53: =IF(O53="","",O53-30) -> 46234 | O53: =IF(P53="","",P53-30) -> 46264 | P53: 46294 | Q53: =IF(N53="","",IF(U53<>"","",IF(AND(U53="",N53-TODAY()<=60),N53-TODAY(),""))) | R53: =IF(AND(ISNUMBER(N53),ISNUMBER(U53)),N53-U53,"") | T53: 0-A
Q54: =IF(N54="","",IF(U54<>"","",IF(AND(U54="",N54-TODAY()<=60),N54-TODAY(),""))) | R54: =IF(AND(ISNUMBER(N54),ISNUMBER(U54)),N54-U54,"") | T54: 0-B | AB54: =IF(Z54="","",IF(Y54="檢退","檢退",IF(Y54="審查同意","審定","檢退")))
Q55: =IF(N55="","",IF(U55<>"","",IF(AND(U55="",N55-TODAY()<=60),N55-TODAY(),""))) | R55: =IF(AND(ISNUMBER(N55),ISNUMBER(U55)),N55-U55,"") | T55: 0-C | AB55: =IF(Z55="","",IF(Y55="檢退","檢退",IF(Y55="審查同意","審定","檢退")))
B56: 272 | C56: =C50+1 -> 18 | F56: Conductive Tubing (3/4"~3") RSG & Outdoor Coating | G56: 導電管(3/4"~3") 鍍鋅鋼導線管 & 屋外被覆 | H56: B | I56: Conduit | J56: 電機&儀控 | K56: 第1613章--導線管 | N56: =IF(O56="","",O56-30) -> 46234 | O56: =IF(P56="","",P56-30) -> 46264 | P56: 46294 | Q56: =IF(N56="","",IF(U56<>"","",IF(AND(U56="",N56-TODAY()<=60),N56-TODAY(),""))) | R56: =IF(AND(ISNUMBER(N56),ISNUMBER(U56)),N56-U56,"") | T56: 0-A
Q57: =IF(N57="","",IF(U57<>"","",IF(AND(U57="",N57-TODAY()<=60),N57-TODAY(),""))) | R57: =IF(AND(ISNUMBER(N57),ISNUMBER(U57)),N57-U57,"") | T57: 0-B | AB57: =IF(Z57="","",IF(Y57="檢退","檢退",IF(Y57="審查同意","審定","檢退")))
Q58: =IF(N58="","",IF(U58<>"","",IF(AND(U58="",N58-TODAY()<=60),N58-TODAY(),""))) | R58: =IF(AND(ISNUMBER(N58),ISNUMBER(U58)),N58-U58,"") | T58: 0-C | AB58: =IF(Z58="","",IF(Y58="檢退","檢退",IF(Y58="審查同意","審定","檢退")))
B59: 273 | C59: =C56+1 -> 19 | F59: PVC Pipe (3/4"~6") | G59: PVC管(3/4"~6") | H59: B | I59: Conduit | J59: 電機&儀控 | K59: 第1613章--導線管 | N59: =IF(O59="","",O59-30) -> 46234 | O59: =IF(P59="","",P59-30) -> 46264 | P59: 46294 | Q59: =IF(N59="","",IF(U59<>"","",IF(AND(U59="",N59-TODAY()<=60),N59-TODAY(),""))) | R59: =IF(AND(ISNUMBER(N59),ISNUMBER(U59)),N59-U59,"") | T59: 0-A | U59: 115/1/30 | V59: 鼎水資字第1150000160號 | W59: 115/2/23 | X59: 艾奕康水字第1150003512號 | Y59: 檢退
Q60: =IF(N60="","",IF(#REF!<>"","",IF(AND(#REF!="",N60-TODAY()<=60),N60-TODAY(),""))) | R60: =IF(AND(ISNUMBER(N60),ISNUMBER(#REF!)),N60-#REF!,"") | S60: 審查 | T60: 0-B | U60: 115/3/2 | V60: 鼎水資字第1150000366號 | AB60: =IF(Z60="","",IF(Y60="檢退","檢退",IF(Y60="審查同意","審定","檢退")))
Q61: =IF(N61="","",IF(U61<>"","",IF(AND(U61="",N61-TODAY()<=60),N61-TODAY(),""))) | R61: =IF(AND(ISNUMBER(N61),ISNUMBER(U61)),N61-U61,"") | T61: 0-C | AB61: =IF(Z61="","",IF(Y61="檢退","檢退",IF(Y61="審查同意","審定","檢退")))
E63: 管線閥類
E64: 應送審 | F64: =COUNTA(G5:G61) -> 19
E65: 未送審 | F65: =F64-F66-F67-F68 -> 18
E66: 已核定 | F66: =COUNTIF(S5:S61,"核定") -> 0
E67: 審查中 | F67: =COUNTIF(S5:S61,"審查") -> 1
E68: 修正中 | F68: =COUNTIF(S5:S61,"修正") -> 0

Sheet 10-9弱電通信
C1: 新竹海水淡化廠興建及操作維護(興建部分) 弱電通信材料設備送審管制總表
A2: 窗口負責人 | B2: 品管現用版本項次 | C2: 項次 | D2: 編碼 | E2: English | F2: 文件 | G2: 優先順序 | H2: English | I2: 類別 | J2: 規範 | K2: 圖面 | L2: 廠商 | M2: 預定送審 (進場前60天) | N2: 預定廠驗 (進場前30天) | O2: 預定進場 | P2: 送審預警天數(60天內才顯示) | Q2: 送審延遲 | R2: 程序 | S2: 版次 | T2: 審查情形 | AE2: 備註
P3: 辦理預警 | T3: 統包商 | V3: 監造 | Y3: 專管 | AB3: 機關(北水分署)
T4: 日期 | U4: 文號 | V4: 日期 | W4: 文號 | X4: 結果 | Y4: 日期 | Z4: 文號 | AA4: 結果 | AB4: 日期 | AC4: 文號 | AD4: 結果
B5: 95 | C5: 1 | E5: Telephone | F5: 電話設備 | G5: D | H5: ELEC | I5: 機電 | M5: 46325 | N5: 46355 | O5: 46385 | P5: =IF(M5="","",IF(T5<>"","",IF(AND(T5="",M5-TODAY()<=60),M5-TODAY(),""))) | Q5: =IF(AND(ISNUMBER(M5),ISNUMBER(T5)),M5-T5,"") | S5: 0-A
P6: =IF(M6="","",IF(T6<>"","",IF(AND(T6="",M6-TODAY()<=60),M6-TODAY(),""))) | Q6: =IF(AND(ISNUMBER(M6),ISNUMBER(T6)),M6-T6,"") | S6: 0-B | AA6: =IF(Y6="","",IF(X6="檢退","檢退",IF(X6="審查同意","審定","檢退")))
P7: =IF(M7="","",IF(T7<>"","",IF(AND(T7="",M7-TODAY()<=60),M7-TODAY(),""))) | Q7: =IF(AND(ISNUMBER(M7),ISNUMBER(T7)),M7-T7,"") | S7: 0-C | AA7: =IF(Y7="","",IF(X7="檢退","檢退",IF(X7="審查同意","審定","檢退")))
B8: 96 | C8: =C5+1 -> 2 | E8: Internet | F8: 網路設備 | G8: D | H8: ELEC | I8: 機電 | M8: 46325 | N8: 46355 | O8: 46385 | P8: =IF(M8="","",IF(T8<>"","",IF(AND(T8="",M8-TODAY()<=60),M8-TODAY(),""))) | Q8: =IF(AND(ISNUMBER(M8),ISNUMBER(T8)),M8-T8,"") | S8: 0-A
P9: =IF(M9="","",IF(T9<>"","",IF(AND(T9="",M9-TODAY()<=60),M9-TODAY(),""))) | Q9: =IF(AND(ISNUMBER(M9),ISNUMBER(T9)),M9-T9,"") | S9: 0-B | AA9: =IF(Y9="","",IF(X9="檢退","檢退",IF(X9="審查同意","審定","檢退")))
P10: =IF(M10="","",IF(T10<>"","",IF(AND(T10="",M10-TODAY()<=60),M10-TODAY(),""))) | Q10: =IF(AND(ISNUMBER(M10),ISNUMBER(T10)),M10-T10,"") | S10: 0-C | AA10: =IF(Y10="","",IF(X10="檢退","檢退",IF(X10="審查同意","審定","檢退")))
B11: 270 | C11: =C8+1 -> 3 | E11: Network Cable gat 6 | F11: 網路電纜gat 6 | G11: B | M11: 46325 | N11: 46355 | O11: 46385 | P11: =IF(M11="","",IF(T11<>"","",IF(AND(T11="",M11-TODAY()<=60),M11-TODAY(),""))) | Q11: =IF(AND(ISNUMBER(M11),ISNUMBER(T11)),M11-T11,"") | S11: 0-A
P12: =IF(M12="","",IF(T12<>"","",IF(AND(T12="",M12-TODAY()<=60),M12-TODAY(),""))) | Q12: =IF(AND(ISNUMBER(M12),ISNUMBER(T12)),M12-T12,"") | S12: 0-B | AA12: =IF(Y12="","",IF(X12="檢退","檢退",IF(X12="審查同意","審定","檢退")))
P13: =IF(M13="","",IF(T13<>"","",IF(AND(T13="",M13-TODAY()<=60),M13-TODAY(),""))) | Q13: =IF(AND(ISNUMBER(M13),ISNUMBER(T13)),M13-T13,"") | S13: 0-C | AA13: =IF(Y13="","",IF(X13="檢退","檢退",IF(X13="審查同意","審定","檢退")))
B14: 270 | C14: 3 | E14: Power Cable | F14: 電力電纜 | G14: B | H14: ELEC | I14: 電機&儀控 | L14: 伸泰STE | M14: 46325 | N14: 46355 | O14: 46385 | S14: 0-A
S15: 0-B
S16: 0-C
C17: =C14+1 -> 4 | E17: Control Cable | F17: 控制電纜 | G17: B | H17: ELEC | I17: 電機&儀控 | L17: 樺榮HUA | M17: 46325 | N17: 46355 | O17: 46385 | S17: 0-A
S18: 0-B
S19: 0-C
C20: =C17+1 -> 5 | E20: Optical Fiber Cable | F20: 光纖電纜 | G20: B | H20: ELEC | I20: 電機&儀控 | L20: 樺榮(伸泰)待確認 | M20: 46325 | N20: 46355 | O20: 46385 | S20: 0-A
S21: 0-B
S22: 0-C
C23: =C20+1 -> 6 | E23: Network Cable gat 6 | F23: 網路電纜gat 6 | G23: B | H23: ELEC | I23: 電機&儀控 | L23: 樺榮(伸泰)待確認 | M23: 46325 | N23: 46355 | O23: 46385 | S23: 0-A
S24: 0-B
S25: 0-C
B26: 282 | C26: =C23+1 -> 7 | E26: Telephone PBX system | F26: 電話總機系統 | G26: C | H26: ELEC | I26: 電機&儀控 | M26: 46325 | N26: 46355 | O26: 46385 | P26: =IF(M26="","",IF(T26<>"","",IF(AND(T26="",M26-TODAY()<=60),M26-TODAY(),""))) | Q26: =IF(AND(ISNUMBER(M26),ISNUMBER(T26)),M26-T26,"") | S26: 0-A
P27: =IF(M27="","",IF(T27<>"","",IF(AND(T27="",M27-TODAY()<=60),M27-TODAY(),""))) | Q27: =IF(AND(ISNUMBER(M27),ISNUMBER(T27)),M27-T27,"") | S27: 0-B | AA27: =IF(Y27="","",IF(X27="檢退","檢退",IF(X27="審查同意","審定","檢退")))
P28: =IF(M28="","",IF(T28<>"","",IF(AND(T28="",M28-TODAY()<=60),M28-TODAY(),""))) | Q28: =IF(AND(ISNUMBER(M28),ISNUMBER(T28)),M28-T28,"") | S28: 0-C | AA28: =IF(Y28="","",IF(X28="檢退","檢退",IF(X28="審查同意","審定","檢退")))
B29: 94 | C29: =C26+1 -> 8 | E29: CCTV | F29: CCTV 設備 | G29: C | H29: ELEC | I29: 機電 | M29: 46325 | N29: 46355 | O29: 46385 | P29: =IF(M29="","",IF(T29<>"","",IF(AND(T29="",M29-TODAY()<=60),M29-TODAY(),""))) | Q29: =IF(AND(ISNUMBER(M29),ISNUMBER(T29)),M29-T29,"") | S29: 0-A
P30: =IF(M30="","",IF(T30<>"","",IF(AND(T30="",M30-TODAY()<=60),M30-TODAY(),""))) | Q30: =IF(AND(ISNUMBER(M30),ISNUMBER(T30)),M30-T30,"") | S30: 0-B | AA30: =IF(Y30="","",IF(X30="檢退","檢退",IF(X30="審查同意","審定","檢退")))
P31: =IF(M31="","",IF(T31<>"","",IF(AND(T31="",M31-TODAY()<=60),M31-TODAY(),""))) | Q31: =IF(AND(ISNUMBER(M31),ISNUMBER(T31)),M31-T31,"") | S31: 0-C | AA31: =IF(Y31="","",IF(X31="檢退","檢退",IF(X31="審查同意","審定","檢退")))
C32: =C29+1 -> 9 | F32: 門禁管制設備 移10-9弱電 | G32: C | J32: 第13706章 門禁管制設備 | K32: 第13706章 門禁管制設備 | M32: 46325 | N32: 46355 | O32: 46385 | Q32: =IF(N32="","",IF(U32<>"","",IF(AND(U32="",N32-TODAY()<=60),N32-TODAY(),""))) | R32: =IF(COUNT(N32, U32)=2, N32-U32, "") | T32: 0-A
Q33: =IF(N33="","",IF(U33<>"","",IF(AND(U33="",N33-TODAY()<=60),N33-TODAY(),""))) | R33: =IF(COUNT(N33, U33)=2, N33-U33, "") | T33: 0-B | AB33: =IF(Z33="","",IF(Y33="檢退","檢退",IF(Y33="審查同意","審定","檢退")))
Q34: =IF(N34="","",IF(U34<>"","",IF(AND(U34="",N34-TODAY()<=60),N34-TODAY(),""))) | R34: =IF(COUNT(N34, U34)=2, N34-U34, "") | T34: 0-C | AB34: =IF(Z34="","",IF(Y34="檢退","檢退",IF(Y34="審查同意","審定","檢退")))
D36: 未送審 | E36: =COUNTA(F5:F34) -> 10
D37: 已核定 | E37: =COUNTIF(R5:R34,"核定") -> 0
D38: 審查中 | E38: =COUNTIF(R5:R34,"審查") -> 0
D39: 修正中 | E39: =COUNTIF(R5:R34,"修正") -> 0

Sheet 10-9景觀植栽
C1: 新竹海水淡化廠興建及操作維護(興建部分) 景觀植栽材料設備送審管制總表
A2: 窗口負責人 | B2: 品管現用版本項次 | C2: 項次 | D2: 編碼 | E2: English | F2: 文件 | G2: English | H2: 類別 | I2: 規範 | J2: 圖面 | K2: 廠商 | L2: 預定送審 (進場前60天) | M2: 預定廠驗 (進場前30天) | N2: 預定進場 | O2: 送審預警天數(60天內才顯示) | P2: 送審延遲 | Q2: 程序 | R2: 版次 | S2: 審查情形 | AD2: 備註
O3: 辦理預警 | S3: 統包商 | U3: 監造 | X3: 專管 | AA3: 機關(北水分署)
S4: 日期 | T4: 文號 | U4: 日期 | V4: 文號 | W4: 結果 | X4: 日期 | Y4: 文號 | Z4: 結果 | AA4: 日期 | AB4: 文號 | AC4: 結果
B5: 99 | C5: 1 | E5: Landscape irrigation equipment | F5: 景觀噴灌設備 | G5: DRAINAGE | H5: 給排水/機電 | L5: 115/8/31 | M5: =IF(N5="","",N5-30) | O5: =IF(L5="","",IF(S5<>"","",IF(AND(S5="",L5-TODAY()<=60),L5-TODAY(),""))) -> #VALUE! | P5: =IF(AND(ISNUMBER(L5),ISNUMBER(S5)),L5-S5,"") | R5: 0-A
O6: =IF(L6="","",IF(S6<>"","",IF(AND(S6="",L6-TODAY()<=60),L6-TODAY(),""))) | P6: =IF(AND(ISNUMBER(L6),ISNUMBER(S6)),L6-S6,"") | R6: 0-B | Z6: =IF(X6="","",IF(W6="檢退","檢退",IF(W6="審查同意","審定","檢退")))
O7: =IF(L7="","",IF(S7<>"","",IF(AND(S7="",L7-TODAY()<=60),L7-TODAY(),""))) | P7: =IF(AND(ISNUMBER(L7),ISNUMBER(S7)),L7-S7,"") | R7: 0-C | Z7: =IF(X7="","",IF(W7="檢退","檢退",IF(W7="審查同意","審定","檢退")))
C8: =C5+1 -> 2 | F8: 植栽 | L8: 115/8/31 | M8: =IF(N8="","",N8-30) | O8: =IF(L8="","",IF(S8<>"","",IF(AND(S8="",L8-TODAY()<=60),L8-TODAY(),""))) -> #VALUE! | P8: =IF(AND(ISNUMBER(L8),ISNUMBER(S8)),L8-S8,"") | R8: 0-A
O9: =IF(L9="","",IF(S9<>"","",IF(AND(S9="",L9-TODAY()<=60),L9-TODAY(),""))) | P9: =IF(AND(ISNUMBER(L9),ISNUMBER(S9)),L9-S9,"") | R9: 0-B | Z9: =IF(X9="","",IF(W9="檢退","檢退",IF(W9="審查同意","審定","檢退")))
O10: =IF(L10="","",IF(S10<>"","",IF(AND(S10="",L10-TODAY()<=60),L10-TODAY(),""))) | P10: =IF(AND(ISNUMBER(L10),ISNUMBER(S10)),L10-S10,"") | R10: 0-C | Z10: =IF(X10="","",IF(W10="檢退","檢退",IF(W10="審查同意","審定","檢退")))
C11: =C8+1 -> 3 | F11: 景觀燈具 | L11: 115/8/31 | M11: =IF(N11="","",N11-30) | O11: =IF(L11="","",IF(S11<>"","",IF(AND(S11="",L11-TODAY()<=60),L11-TODAY(),""))) -> #VALUE! | P11: =IF(AND(ISNUMBER(L11),ISNUMBER(S11)),L11-S11,"") | R11: 0-A
O12: =IF(L12="","",IF(S12<>"","",IF(AND(S12="",L12-TODAY()<=60),L12-TODAY(),""))) | P12: =IF(AND(ISNUMBER(L12),ISNUMBER(S12)),L12-S12,"") | R12: 0-B | Z12: =IF(X12="","",IF(W12="檢退","檢退",IF(W12="審查同意","審定","檢退")))
O13: =IF(L13="","",IF(S13<>"","",IF(AND(S13="",L13-TODAY()<=60),L13-TODAY(),""))) | P13: =IF(AND(ISNUMBER(L13),ISNUMBER(S13)),L13-S13,"") | R13: 0-C | Z13: =IF(X13="","",IF(W13="檢退","檢退",IF(W13="審查同意","審定","檢退")))
C14: =C11+1 -> 4 | F14: 景觀休憩 | L14: 115/8/31 | M14: =IF(N14="","",N14-30) | O14: =IF(L14="","",IF(S14<>"","",IF(AND(S14="",L14-TODAY()<=60),L14-TODAY(),""))) -> #VALUE! | P14: =IF(AND(ISNUMBER(L14),ISNUMBER(S14)),L14-S14,"") | R14: 0-A
O15: =IF(L15="","",IF(S15<>"","",IF(AND(S15="",L15-TODAY()<=60),L15-TODAY(),""))) | P15: =IF(AND(ISNUMBER(L15),ISNUMBER(S15)),L15-S15,"") | R15: 0-B | Z15: =IF(X15="","",IF(W15="檢退","檢退",IF(W15="審查同意","審定","檢退")))
O16: =IF(L16="","",IF(S16<>"","",IF(AND(S16="",L16-TODAY()<=60),L16-TODAY(),""))) | P16: =IF(AND(ISNUMBER(L16),ISNUMBER(S16)),L16-S16,"") | R16: 0-C | Z16: =IF(X16="","",IF(W16="檢退","檢退",IF(W16="審查同意","審定","檢退")))
C17: =C14+1 -> 5 | F17: 景觀鋪面 | L17: 115/8/31 | M17: =IF(N17="","",N17-30) | O17: =IF(L17="","",IF(S17<>"","",IF(AND(S17="",L17-TODAY()<=60),L17-TODAY(),""))) -> #VALUE! | P17: =IF(AND(ISNUMBER(L17),ISNUMBER(S17)),L17-S17,"") | R17: 0-A
O18: =IF(L18="","",IF(S18<>"","",IF(AND(S18="",L18-TODAY()<=60),L18-TODAY(),""))) | P18: =IF(AND(ISNUMBER(L18),ISNUMBER(S18)),L18-S18,"") | R18: 0-B | Z18: =IF(X18="","",IF(W18="檢退","檢退",IF(W18="審查同意","審定","檢退")))
O19: =IF(L19="","",IF(S19<>"","",IF(AND(S19="",L19-TODAY()<=60),L19-TODAY(),""))) | P19: =IF(AND(ISNUMBER(L19),ISNUMBER(S19)),L19-S19,"") | R19: 0-C | Z19: =IF(X19="","",IF(W19="檢退","檢退",IF(W19="審查同意","審定","檢退")))
C20: =C17+1 -> 6 | F20: 風箏造型觀景雙亭 | L20: 115/8/31 | M20: =IF(N20="","",N20-30) | O20: =IF(L20="","",IF(S20<>"","",IF(AND(S20="",L20-TODAY()<=60),L20-TODAY(),""))) -> #VALUE! | P20: =IF(AND(ISNUMBER(L20),ISNUMBER(S20)),L20-S20,"") | R20: 0-A | AD20: 0512查核委員建議
O21: =IF(L21="","",IF(S21<>"","",IF(AND(S21="",L21-TODAY()<=60),L21-TODAY(),""))) | P21: =IF(AND(ISNUMBER(L21),ISNUMBER(S21)),L21-S21,"") | R21: 0-B | Z21: =IF(X21="","",IF(W21="檢退","檢退",IF(W21="審查同意","審定","檢退")))
O22: =IF(L22="","",IF(S22<>"","",IF(AND(S22="",L22-TODAY()<=60),L22-TODAY(),""))) | P22: =IF(AND(ISNUMBER(L22),ISNUMBER(S22)),L22-S22,"") | R22: 0-C | Z22: =IF(X22="","",IF(W22="檢退","檢退",IF(W22="審查同意","審定","檢退")))
C23: =C20+1 -> 7 | F23: 賞鳥棚架 | L23: 115/8/31 | M23: =IF(N23="","",N23-30) | O23: =IF(L23="","",IF(S23<>"","",IF(AND(S23="",L23-TODAY()<=60),L23-TODAY(),""))) -> #VALUE! | P23: =IF(AND(ISNUMBER(L23),ISNUMBER(S23)),L23-S23,"") | R23: 0-A | AD23: 0512查核委員建議
O24: =IF(L24="","",IF(S24<>"","",IF(AND(S24="",L24-TODAY()<=60),L24-TODAY(),""))) | P24: =IF(AND(ISNUMBER(L24),ISNUMBER(S24)),L24-S24,"") | R24: 0-B | Z24: =IF(X24="","",IF(W24="檢退","檢退",IF(W24="審查同意","審定","檢退")))
O25: =IF(L25="","",IF(S25<>"","",IF(AND(S25="",L25-TODAY()<=60),L25-TODAY(),""))) | P25: =IF(AND(ISNUMBER(L25),ISNUMBER(S25)),L25-S25,"") | R25: 0-C | Z25: =IF(X25="","",IF(W25="檢退","檢退",IF(W25="審查同意","審定","檢退")))
C26: =C23+1 -> 8 | F26: 張力薄膜 | L26: 115/8/31 | M26: =IF(N26="","",N26-30) | O26: =IF(L26="","",IF(S26<>"","",IF(AND(S26="",L26-TODAY()<=60),L26-TODAY(),""))) -> #VALUE! | P26: =IF(AND(ISNUMBER(L26),ISNUMBER(S26)),L26-S26,"") | R26: 0-A | AD26: 0512查核委員建議
O27: =IF(L27="","",IF(S27<>"","",IF(AND(S27="",L27-TODAY()<=60),L27-TODAY(),""))) | P27: =IF(AND(ISNUMBER(L27),ISNUMBER(S27)),L27-S27,"") | R27: 0-B | Z27: =IF(X27="","",IF(W27="檢退","檢退",IF(W27="審查同意","審定","檢退")))
O28: =IF(L28="","",IF(S28<>"","",IF(AND(S28="",L28-TODAY()<=60),L28-TODAY(),""))) | P28: =IF(AND(ISNUMBER(L28),ISNUMBER(S28)),L28-S28,"") | R28: 0-C | Z28: =IF(X28="","",IF(W28="檢退","檢退",IF(W28="審查同意","審定","檢退")))
C29: =C26+1 -> 9 | F29: 木紋塑膠仿木 | L29: 115/8/31 | M29: =IF(N29="","",N29-30) | O29: =IF(L29="","",IF(S29<>"","",IF(AND(S29="",L29-TODAY()<=60),L29-TODAY(),""))) -> #VALUE! | P29: =IF(AND(ISNUMBER(L29),ISNUMBER(S29)),L29-S29,"") | R29: 0-A | AD29: 0512查核委員建議
O30: =IF(L30="","",IF(S30<>"","",IF(AND(S30="",L30-TODAY()<=60),L30-TODAY(),""))) | P30: =IF(AND(ISNUMBER(L30),ISNUMBER(S30)),L30-S30,"") | R30: 0-B | Z30: =IF(X30="","",IF(W30="檢退","檢退",IF(W30="審查同意","審定","檢退")))
O31: =IF(L31="","",IF(S31<>"","",IF(AND(S31="",L31-TODAY()<=60),L31-TODAY(),""))) | P31: =IF(AND(ISNUMBER(L31),ISNUMBER(S31)),L31-S31,"") | R31: 0-C | Z31: =IF(X31="","",IF(W31="檢退","檢退",IF(W31="審查同意","審定","檢退")))
C32: =C29+1 -> 10 | F32: 格柵欄圍籬 | L32: 115/8/31 | M32: =IF(N32="","",N32-30) | O32: =IF(L32="","",IF(S32<>"","",IF(AND(S32="",L32-TODAY()<=60),L32-TODAY(),""))) -> #VALUE! | P32: =IF(AND(ISNUMBER(L32),ISNUMBER(S32)),L32-S32,"") | R32: 0-A | AD32: 0512查核委員建議
O33: =IF(L33="","",IF(S33<>"","",IF(AND(S33="",L33-TODAY()<=60),L33-TODAY(),""))) | P33: =IF(AND(ISNUMBER(L33),ISNUMBER(S33)),L33-S33,"") | R33: 0-B | Z33: =IF(X33="","",IF(W33="檢退","檢退",IF(W33="審查同意","審定","檢退")))
O34: =IF(L34="","",IF(S34<>"","",IF(AND(S34="",L34-TODAY()<=60),L34-TODAY(),""))) | P34: =IF(AND(ISNUMBER(L34),ISNUMBER(S34)),L34-S34,"") | R34: 0-C | Z34: =IF(X34="","",IF(W34="檢退","檢退",IF(W34="審查同意","審定","檢退")))
D37: 應送審 | E37: =COUNTA(F5:F25) -> 7
D38: 未送審 | E38: =E37-E39-E40-E41 -> 7
D39: 已核定 | E39: =COUNTIF(Q5:Q25,"核定") -> 0
D40: 審查中 | E40: =COUNTIF(Q5:Q25,"審查") -> 0
D41: 修正中 | E41: =COUNTIF(Q5:Q25,"修正") -> 0

Sheet 工作表1
